pred: axis 1: 1.4186978, 1.3236846, 1.2286713, 1.133658, 1.0386449, 0.94363165, 0.8486184, 0.7536052, 0.6585919, 0.5635787, 0.4685655, 0.37355226, 0.27853903, 0.18352583, 0.08851262, -0.006500585, -0.101513796, -0.196527, -0.2915402, -0.3865534. axis 2: -8.114895, -8.026545, -7.9381943, -7.8498435, -7.7614927, -7.673142, -7.5847917, -7.496441, -7.40809, -7.31974, -7.231389, -7.1430383, -7.054688, -6.966337, -6.8779864, -6.789636, -6.7012854, -6.6129346, -6.5245843, -6.436233. axis 3: -157.64743, -157.81548, -157.98352, -158.15157, -158.31963, -158.48767, -158.65572, -158.82376, -158.9918, -159.15985, -159.3279, -159.49594, -159.66399, -159.83203, -160.00008, -160.16812, -160.33617, -160.50421, -160.67226, -160.840. 
gt: axis 1: 1.578835, 1.759798, 1.740887, 1.815997, 1.897643, 1.913114, 1.888819, 1.821029, 1.517664, -4.915386, -18.145405, -28.116701, -31.193335, -29.31647, -28.798452, -26.761211, -23.25014, -19.390064, -15.360161, -11.12608. axis 2: -8.258171, -8.332685, -8.300791, -8.333758, -8.364875, -8.395314, -8.361318, -8.31032, -8.220476, -5.787207, -1.424739, 3.3701, 2.790146, 1.271694, -0.491805, -2.631729, -4.766658, -6.894741, -8.361612, -7.60999. axis 3: -157.34639, -157.29942, -157.45021, -157.29295, -157.15161, -157.08437, -157.12915, -157.13107, -157.01237, -153.57277, -143.66443, -130.74652, -117.04405, -105.299774, -94.18568, -84.12375, -73.41209, -62.33627, -52.711098, -45.88776. 
pred: axis 1: 3.7133548, 2.9268618, 2.1403687, 1.3538755, 0.56738245, -0.21911067, -1.0056038, -1.7920969, -2.57859, -3.365083, -4.151576, -4.9380693, -5.724562, -6.5110555, -7.2975492, -8.084043, -8.870536, -9.657029, -10.443522, -11.23001. axis 2: 1.6743042, 1.8219326, 1.9695609, 2.1171892, 2.2648175, 2.4124458, 2.5600739, 2.7077022, 2.8553305, 3.0029585, 3.1505868, 3.298215, 3.445843, 3.593471, 3.741099, 3.8887274, 4.0363555, 4.1839833, 4.3316116, 4.4792. axis 3: 127.97841, 130.64462, 133.31085, 135.97708, 138.6433, 141.30952, 143.97574, 146.64197, 149.3082, 151.97441, 154.64064, 157.30685, 159.97308, 162.63931, 165.30553, 167.97176, 170.63797, 173.3042, 175.97043, 178.6366. 
gt: axis 1: 5.9506354, 8.552687, 7.07014, 6.442775, 5.391634, 2.588025, 0.546026, -2.167339, -5.551461, -6.1541276, -4.741998, -3.9899917, -3.006129, -0.208599, 4.322009, 6.600321, 8.395506, 9.75511, 10.950802, 10.93386. axis 2: 1.7184188, 4.691642, 7.252495, 4.939847, 5.592522, 7.401172, 11.000671, 14.310152, 16.092754, 15.725345, 15.109097, 14.275004, 13.848127, 13.684582, 9.09754, 2.9347103, -1.8018221, -2.999518, 0.46739796, 2.2430. axis 3: 130.846, 142.38762, 164.98195, 170.91876, 175.50374, -173.32799, -161.02284, -152.31816, -148.29523, -149.22623, -151.54474, -152.96606, -156.37932, -171.92935, 158.95264, 131.21187, 112.336006, 109.9153, 132.56786, 140.8503. 
pred: axis 1: 10.514169, 10.475388, 10.436606, 10.397824, 10.359043, 10.320262, 10.281481, 10.242699, 10.2039175, 10.165136, 10.126355, 10.087574, 10.048792, 10.010011, 9.97123, 9.932448, 9.893666, 9.854885, 9.816104, 9.77732. axis 2: -15.817312, -15.995536, -16.17376, -16.351982, -16.530207, -16.70843, -16.886652, -17.064877, -17.2431, -17.421324, -17.599546, -17.77777, -17.955994, -18.134216, -18.31244, -18.490664, -18.668886, -18.84711, -19.025333, -19.20355. axis 3: 71.93363, 72.11565, 72.29766, 72.479675, 72.66169, 72.843704, 73.02572, 73.20773, 73.38975, 73.57176, 73.75378, 73.93579, 74.117805, 74.29982, 74.48184, 74.66386, 74.84587, 75.027885, 75.2099, 75.39191. 
gt: axis 1: 10.781077, 11.081949, 11.386027, 11.55323, 11.505763, 11.492457, 11.454312, 11.421873, 11.120479, 11.132457, 11.811016, 12.902068, 14.176002, 15.19127, 15.702728, 15.874758, 16.052792, 15.98798, 15.828731, 15.49153. axis 2: -15.333985, -15.120502, -14.905905, -14.813729, -14.783838, -14.82678, -14.464767, -13.187855, -11.590384, -9.564364, -8.173826, -7.8919234, -7.472488, -6.981232, -6.723497, -6.628805, -6.736035, -7.076758, -7.018079, -6.95194. axis 3: 71.37342, 71.102905, 70.90368, 70.69607, 70.81932, 71.00709, 72.200134, 75.7472, 80.777885, 84.07069, 82.6146, 81.067184, 82.41079, 83.45905, 84.057846, 84.55286, 84.46578, 83.60622, 83.11025, 83.3134. 
pred: axis 1: -6.094367, -5.8468328, -5.599298, -5.3517632, -5.1042285, -4.8566937, -4.6091595, -4.3616247, -4.11409, -3.8665552, -3.6190205, -3.3714857, -3.123951, -2.8764164, -2.6288817, -2.381347, -2.1338122, -1.8862776, -1.6387429, -1.391208. axis 2: -1.2919626, -1.1752063, -1.0584501, -0.9416937, -0.82493746, -0.70818114, -0.59142476, -0.47466844, -0.3579121, -0.24115574, -0.1243994, -0.0076430594, 0.109113276, 0.22586961, 0.34262598, 0.45938233, 0.5761387, 0.692895, 0.8096514, 0.926407. axis 3: 109.282875, 109.46928, 109.65568, 109.84208, 110.02848, 110.21489, 110.40129, 110.58769, 110.77409, 110.960495, 111.146904, 111.333305, 111.51971, 111.70611, 111.89251, 112.07892, 112.26532, 112.45172, 112.63812, 112.82452. 
gt: axis 1: -5.684978, -5.41236, -4.883251, -5.162957, -5.251832, -5.418809, -5.429741, -5.482257, -5.430593, -5.707937, -5.665466, -5.997416, -7.863307, -7.818066, -7.916678, -7.615038, -8.323272, -8.253268, -8.815722, -8.92917. axis 2: -1.216124, -0.918864, -0.660747, -0.822154, -1.050673, -1.254849, -1.452157, -1.6880599, -3.446708, -3.859801, -3.934302, -2.480185, -1.132677, -0.078306, -0.12212, -0.142399, -1.136911, -1.9056399, -1.929555, -1.28964. axis 3: 109.25668, 109.23794, 109.98238, 110.17364, 110.328186, 110.38193, 110.20283, 105.16924, 86.66634, 65.082664, 46.459072, 34.734737, 21.319689, 12.549654, 4.018159, -0.973803, -3.4949412, -3.062874, -2.278526, -1.778216. 
pred: axis 1: 0.53763586, 0.3733858, 0.2091357, 0.044885594, -0.1193645, -0.2836146, -0.4478647, -0.6121148, -0.7763649, -0.940615, -1.1048651, -1.2691152, -1.4333653, -1.5976154, -1.7618655, -1.9261156, -2.0903656, -2.2546158, -2.418866, -2.58311. axis 2: -1.0639188, -1.1053337, -1.1467484, -1.1881633, -1.2295781, -1.2709929, -1.3124077, -1.3538226, -1.3952373, -1.4366522, -1.478067, -1.5194818, -1.5608966, -1.6023114, -1.6437262, -1.6851411, -1.7265558, -1.7679707, -1.8093855, -1.850800. axis 3: 91.094215, 91.20174, 91.309265, 91.41679, 91.52431, 91.631836, 91.73936, 91.846886, 91.95441, 92.061935, 92.16946, 92.27698, 92.38451, 92.49203, 92.599556, 92.70708, 92.814606, 92.92213, 93.02965, 93.1371. 
gt: axis 1: 1.12962, 3.813771, 5.353057, 5.20965, 5.137803, 5.003937, 5.068625, 5.471342, 5.665938, 5.656414, 5.498813, 5.439876, 5.410926, 5.502551, 5.330147, 5.043149, 4.58617, 3.596155, 2.111838, -0.3844649. axis 2: -1.020131, -1.083251, -0.869329, -0.888082, -1.014139, -1.114285, -1.151462, -1.240972, -1.165684, -1.059887, -1.019138, -0.969409, -1.031627, -1.070165, -1.083682, -1.195036, -1.307832, -1.450804, -1.485567, -0.18312. axis 3: 91.02333, 90.329094, 89.230934, 89.25026, 89.703026, 90.07683, 90.3369, 90.42292, 90.55259, 90.74816, 91.056984, 90.98753, 91.02638, 91.06514, 91.04429, 91.152855, 91.664635, 94.0586, 97.70205, 105.5106. 
pred: axis 1: -25.351343, -28.56209, -31.772837, -34.98358, -38.19433, -41.405075, -44.61582, -47.826572, -51.03732, -54.24807, -57.458817, -60.669567, -63.880318, -67.091064, -70.30181, -73.512566, -76.72331, -79.93406, -83.14481, -86.3555. axis 2: 20.495066, 23.190926, 25.886787, 28.58265, 31.278511, 33.974373, 36.670235, 39.366096, 42.06196, 44.757816, 47.45368, 50.14954, 52.8454, 55.541264, 58.237125, 60.932987, 63.62885, 66.32471, 69.02057, 71.7164. axis 3: 36.71059, 32.676727, 28.642864, 24.609003, 20.57514, 16.541277, 12.507414, 8.473552, 4.4396887, 0.40582627, -3.6280365, -7.661899, -11.695762, -15.729625, -19.763487, -23.79735, -27.831213, -31.865074, -35.898937, -39.932. 
gt: axis 1: -23.63983, -24.128906, -20.704903, -10.992781, -1.128068, 2.73973, 4.364752, 8.406066, 8.831961, 8.451917, 6.385413, 4.847808, 1.567692, -3.43044, -7.2007933, -7.9645724, -7.840886, -7.285037, -6.9755464, -6.28065. axis 2: 18.78902, 16.854122, 12.760168, 7.211603, 5.193189, 8.179591, 8.040647, 7.8318906, 6.778122, 5.32282, -0.013517999, -3.202198, -6.07149, -9.048835, -8.916734, -7.954247, -7.711927, -7.375094, -7.549567, -6.409077. axis 3: 45.26365, 54.45278, 65.62923, 79.062645, 93.954094, 106.867386, 117.32967, 119.69145, 116.37699, 106.59189, 90.546036, 78.39765, 74.08525, 69.6604, 65.27795, 63.52123, 63.556644, 63.405357, 63.12682, 62.0137. 
pred: axis 1: 2.5241482, 2.6366682, 2.7491884, 2.8617089, 2.974229, 3.0867496, 3.1992698, 3.3117902, 3.4243104, 3.536831, 3.6493511, 3.7618716, 3.874392, 3.9869123, 4.0994325, 4.211953, 4.3244734, 4.4369936, 4.549514, 4.662034. axis 2: 0.63034654, -0.259121, -1.1485885, -2.0380561, -2.9275236, -3.8169909, -4.7064586, -5.595926, -6.4853935, -7.3748612, -8.264329, -9.153796, -10.043263, -10.932731, -11.822198, -12.711666, -13.601133, -14.490601, -15.380068, -16.26953. axis 3: 140.76535, 140.98782, 141.21028, 141.43274, 141.6552, 141.87767, 142.10013, 142.32259, 142.54506, 142.76752, 142.98997, 143.21245, 143.4349, 143.65736, 143.87982, 144.1023, 144.32475, 144.54721, 144.76968, 144.9921. 
gt: axis 1: 2.652408, 3.4906287, 3.015935, 1.9173, 1.986779, 4.876056, 10.484199, 11.310025, 13.776764, 17.677895, 14.917827, 12.732062, 8.606242, 9.715909, 9.883614, 9.899205, 9.43826, 9.798884, 10.315407, 10.88246. axis 2: 0.532864, -0.607066, -0.261749, 0.86208606, 2.727038, 6.252893, 5.6942873, 1.140938, -1.359044, -3.489743, -4.952938, -4.102034, -0.904529, -1.5117081, -1.258293, -1.116547, -0.936426, -0.51374, -0.156756, -0.33096. axis 3: 139.7835, 138.6638, 137.30482, 136.60736, 131.51942, 119.11942, 102.8397, 94.4344, 90.19476, 89.80215, 95.22168, 98.77704, 100.55174, 101.27136, 100.95928, 101.50389, 101.33221, 101.953804, 103.028725, 103.21596. 
pred: axis 1: 19.079428, 19.099201, 19.118973, 19.138744, 19.158516, 19.178288, 19.19806, 19.217833, 19.237604, 19.257376, 19.277147, 19.296919, 19.31669, 19.336464, 19.356236, 19.376007, 19.395779, 19.41555, 19.435322, 19.45509. axis 2: -3.2524474, -3.5373268, -3.8222063, -4.1070857, -4.391965, -4.6768446, -4.961724, -5.2466035, -5.5314827, -5.8163624, -6.1012416, -6.3861213, -6.6710005, -6.95588, -7.2407594, -7.5256386, -7.8105183, -8.095398, -8.380277, -8.66515. axis 3: 77.41695, 75.54748, 73.67801, 71.80855, 69.93908, 68.06961, 66.20014, 64.33067, 62.46121, 60.59174, 58.72227, 56.852806, 54.983337, 53.11387, 51.244404, 49.374935, 47.505466, 45.636, 43.766537, 41.8970. 
gt: axis 1: 16.584751, 14.380373, 11.547804, 7.5418324, 5.213575, 6.4405694, 8.829993, 10.37708, 10.905715, 11.297758, 11.686244, 11.206702, 10.843666, 11.05557, 13.162166, 15.600633, 16.197832, 15.8739, 14.552254, 12.43624. axis 2: -1.515865, -0.21981202, 2.24111, 2.067271, 2.439356, 2.667341, 2.085862, 2.127194, 2.027968, 1.4139631, 1.5292, 1.364997, 0.865501, 0.193246, -0.328223, -2.414685, -2.449151, -2.611767, -2.612333, -2.58452. axis 3: 83.91391, 88.65481, 92.73893, 95.495865, 99.210945, 98.697334, 95.13737, 90.30316, 88.13579, 89.20351, 90.652306, 91.60797, 90.26861, 88.591835, 87.0125, 85.830414, 85.45064, 85.89426, 85.81707, 85.8693. 
pred: axis 1: 5.693958, 5.663622, 5.633286, 5.60295, 5.5726147, 5.542279, 5.511943, 5.481607, 5.4512715, 5.4209356, 5.3905997, 5.360264, 5.3299284, 5.2995925, 5.2692566, 5.2389207, 5.2085853, 5.1782494, 5.1479135, 5.117577. axis 2: 2.7497356, 2.7629952, 2.776255, 2.7895145, 2.8027744, 2.8160338, 2.8292933, 2.842553, 2.8558123, 2.8690717, 2.8823314, 2.8955908, 2.9088502, 2.9221098, 2.9353693, 2.948629, 2.9618883, 2.9751477, 2.9884074, 3.001666. axis 3: 92.06765, 92.09706, 92.126465, 92.155876, 92.18528, 92.21469, 92.244095, 92.273506, 92.30291, 92.33232, 92.361725, 92.391136, 92.42054, 92.44995, 92.47936, 92.508766, 92.53818, 92.56758, 92.59699, 92.62639. 
gt: axis 1: 5.6973705, 5.733822, 5.715089, 5.842342, 5.890847, 5.7575774, 5.822643, 5.630115, 5.580727, 5.510678, 5.529039, 5.465285, 5.449042, 5.377821, 5.288771, 5.258265, 5.234585, 5.035975, 4.946819, 4.40178. axis 2: 2.781499, 2.787169, 2.703355, 2.713735, 2.783377, 2.8617823, 2.906524, 2.9079547, 2.8848963, 2.909258, 3.0094993, 2.990324, 3.046452, 3.0023808, 3.0065093, 3.0309281, 3.1167808, 3.1966581, 3.196018, 3.3642. axis 3: 92.047806, 92.09176, 92.108154, 92.11012, 92.11052, 92.11584, 92.090805, 92.18726, 92.24857, 92.24837, 92.21475, 92.21705, 92.163704, 92.1966, 92.14283, 92.09616, 92.169685, 92.1502, 92.526115, 94.7395. 
pred: axis 1: 4.9172115, 4.864845, 4.8124785, 4.760112, 4.7077456, 4.6553793, 4.6030126, 4.5506463, 4.4982796, 4.4459133, 4.393547, 4.3411803, 4.288814, 4.2364473, 4.184081, 4.131715, 4.079348, 4.026982, 3.9746153, 3.922248. axis 2: 2.78642, 2.7578936, 2.729367, 2.7008402, 2.6723137, 2.6437871, 2.6152604, 2.5867338, 2.558207, 2.5296805, 2.501154, 2.4726272, 2.4441006, 2.415574, 2.3870473, 2.3585207, 2.329994, 2.3014674, 2.2729409, 2.24441. axis 3: 77.5747, 77.60648, 77.63827, 77.67005, 77.701836, 77.73362, 77.7654, 77.79719, 77.82897, 77.860756, 77.89254, 77.924324, 77.95611, 77.98789, 78.01968, 78.05146, 78.083244, 78.11503, 78.14681, 78.178. 
gt: axis 1: 5.061064, 4.877829, 4.792428, 4.810273, 4.683959, 4.607565, 4.722191, 4.85769, 5.253348, 6.202726, 7.5274377, 7.7157063, 6.560462, 5.541934, 4.944202, 6.158645, 5.279227, 4.257906, 4.514415, 4.47736. axis 2: 2.914711, 3.043344, 3.126291, 3.175306, 3.254112, 3.183938, 3.072592, 2.891579, 2.305551, 1.548646, 0.935557, -0.22280999, -0.257249, 0.734447, 1.388042, 1.222825, 0.931374, 0.527374, -0.315224, -0.4876. axis 3: 77.47833, 77.46087, 77.38434, 77.23029, 77.276215, 77.30893, 77.23674, 76.63324, 73.438866, 67.22798, 58.101364, 48.527103, 42.985184, 44.80638, 47.721046, 45.727222, 44.3142, 45.79727, 47.07605, 46.58065. 
pred: axis 1: 1.3479983, 1.4192634, 1.4905287, 1.561794, 1.6330593, 1.7043246, 1.7755898, 1.8468552, 1.9181204, 1.9893857, 2.060651, 2.1319163, 2.2031815, 2.274447, 2.3457122, 2.4169774, 2.4882426, 2.559508, 2.6307733, 2.702038. axis 2: -0.7452451, -0.75103414, -0.7568232, -0.7626122, -0.76840127, -0.7741903, -0.77997935, -0.7857684, -0.79155743, -0.7973465, -0.8031355, -0.80892456, -0.8147136, -0.82050264, -0.8262917, -0.8320807, -0.83786976, -0.84365886, -0.8494479, -0.8552369. axis 3: 78.793335, 78.7089, 78.62446, 78.54002, 78.45559, 78.371155, 78.28672, 78.202286, 78.11784, 78.03341, 77.948975, 77.86454, 77.780106, 77.69566, 77.61123, 77.526794, 77.44236, 77.357925, 77.27348, 77.1890. 
gt: axis 1: 2.430116, 5.285328, 6.313217, 8.703323, 15.275741, 21.860382, 25.53625, 27.01363, 26.79379, 25.176153, 23.776386, 21.483805, 16.928783, 12.947309, 11.527122, 14.191546, 17.996689, 17.47459, 14.94589, 11.68705. axis 2: -0.47015303, -0.547042, -0.348428, 0.092286, 0.416649, 0.58087, 2.559362, 6.922715, 9.503907, 10.31613, 10.59021, 8.829542, 5.489776, 2.736451, 2.391255, 3.1111493, 4.325548, 4.510162, 4.770838, 5.45812. axis 3: 82.219765, 86.00746, 87.36776, 88.96166, 89.29644, 89.10669, 92.366875, 101.07759, 107.17425, 109.607315, 109.711555, 106.182335, 98.25378, 87.47285, 85.450676, 87.59122, 90.87536, 90.79926, 91.46587, 99.8187. 
pred: axis 1: -10.456151, -11.774073, -13.091995, -14.409917, -15.727839, -17.045761, -18.363684, -19.681606, -20.999529, -22.31745, -23.635374, -24.953297, -26.271217, -27.58914, -28.907063, -30.224985, -31.542908, -32.86083, -34.178753, -35.49667. axis 2: -5.1734548, -4.6177154, -4.0619755, -3.5062358, -2.9504962, -2.3947568, -1.839017, -1.2832774, -0.7275378, -0.17179817, 0.38394147, 0.93968105, 1.4954207, 2.0511603, 2.6069, 3.1626396, 3.7183793, 4.274119, 4.8298583, 5.38559. axis 3: 79.871086, 81.84669, 83.822296, 85.7979, 87.7735, 89.7491, 91.7247, 93.70031, 95.67592, 97.65153, 99.62714, 101.602745, 103.578354, 105.553955, 107.529564, 109.50517, 111.48078, 113.45639, 115.432, 117.4076. 
gt: axis 1: -2.657334, -0.8894151, 0.114731, 0.49477196, 0.516843, 1.5016061, 1.944958, 2.110129, 2.205777, 2.14823, 2.422402, 2.156715, 1.9361188, 1.569449, 1.305063, 1.073281, 0.784524, 0.8205721, 1.907847, 1.712981. axis 2: -9.237977, -10.97568, -11.180314, -11.122342, -10.885293, -10.877669, -10.657973, -10.231069, -9.821005, -9.642726, -9.433369, -9.306241, -9.210075, -8.878537, -8.768004, -8.660428, -8.568886, -8.503563, -8.331325, -8.29916. axis 3: 78.40085, 80.58904, 81.82995, 82.95009, 85.03767, 86.5867, 88.00713, 89.01969, 89.55139, 89.87107, 89.72398, 89.8185, 89.835144, 89.92175, 90.10302, 89.99973, 89.97094, 89.97736, 90.46489, 90.1210. 
pred: axis 1: 12.520786, 12.498361, 12.475934, 12.453508, 12.431083, 12.408657, 12.38623, 12.363805, 12.341379, 12.318953, 12.296527, 12.274101, 12.251675, 12.229249, 12.206823, 12.184397, 12.161971, 12.139545, 12.117119, 12.09469. axis 2: 1.0414674, 1.053386, 1.0653044, 1.077223, 1.0891414, 1.1010599, 1.1129783, 1.1248969, 1.1368153, 1.1487339, 1.1606523, 1.1725707, 1.1844893, 1.1964077, 1.2083262, 1.2202446, 1.2321632, 1.2440816, 1.2560002, 1.267918. axis 3: 87.1726, 87.171394, 87.17018, 87.168976, 87.16777, 87.166565, 87.16536, 87.16415, 87.16294, 87.161736, 87.16053, 87.15932, 87.15811, 87.156906, 87.1557, 87.154495, 87.15328, 87.15208, 87.15087, 87.14966. 
gt: axis 1: 12.545779, 12.580291, 12.568413, 12.542369, 12.550162, 12.517104, 12.506014, 12.446481, 12.376784, 12.457526, 12.486605, 12.530374, 12.395519, 12.37809, 12.404029, 12.430703, 12.281107, 12.310954, 12.414888, 12.49271. axis 2: 1.048942, 1.016627, 0.9927809, 0.904403, 0.926324, 0.87642795, 0.844464, 0.9213111, 0.900132, 0.954645, 0.943747, 0.97868097, 1.070001, 1.065469, 1.05459, 1.039809, 0.982753, 0.987017, 0.98000497, 1.01141. axis 3: 87.09049, 87.13756, 87.16791, 87.20934, 87.22164, 87.22888, 87.30568, 87.25767, 87.25843, 87.13754, 87.25665, 87.12932, 87.20829, 87.04407, 87.16558, 87.087875, 87.26667, 87.14843, 87.20692, 87.1527. 
pred: axis 1: 23.41975, 25.724337, 28.028923, 30.33351, 32.638096, 34.94268, 37.24727, 39.551853, 41.85644, 44.161026, 46.465614, 48.7702, 51.074783, 53.37937, 55.683956, 57.988544, 60.29313, 62.597717, 64.902306, 67.2068. axis 2: 13.649206, 16.096857, 18.544508, 20.99216, 23.439812, 25.88746, 28.335112, 30.78276, 33.23041, 35.67806, 38.12571, 40.57336, 43.02101, 45.468662, 47.916313, 50.36396, 52.81161, 55.259262, 57.706913, 60.1545. axis 3: -49.324253, -50.586773, -51.849293, -53.111816, -54.374336, -55.636856, -56.89938, -58.1619, -59.42442, -60.686943, -61.949463, -63.211983, -64.4745, -65.73703, -66.99955, -68.26207, -69.52459, -70.78711, -72.04963, -73.3121. 
gt: axis 1: 21.45378, 21.521843, 21.039257, 20.651808, 20.051338, 19.53686, 18.974121, 18.752068, 18.810036, 18.7565, 19.130869, 19.583002, 20.137997, 20.746725, 21.088234, 21.132902, 20.880117, 20.713163, 20.680431, 20.57727. axis 2: 11.440657, 11.648054, 11.785488, 12.016894, 11.9869, 12.240665, 12.432586, 12.517836, 12.687259, 12.951741, 13.213862, 13.550196, 13.889303, 14.145671, 14.191876, 13.973872, 13.828571, 13.689486, 13.582311, 13.50548. axis 3: -46.934105, -45.98305, -44.601315, -43.830013, -43.298508, -42.694763, -42.34416, -43.06225, -43.85753, -44.149147, -44.65738, -44.96297, -45.127686, -45.23537, -45.433052, -45.46471, -45.18686, -45.042305, -45.037598, -45.0468. 
pred: axis 1: 1.2442867, 0.56781834, -0.10865, -0.7851183, -1.4615867, -2.138055, -2.8145235, -3.4909916, -4.16746, -4.843928, -5.520396, -6.1968646, -6.873333, -7.5498013, -8.22627, -8.902739, -9.579207, -10.255675, -10.932144, -11.60861. axis 2: -11.27733, -12.702338, -14.127346, -15.552355, -16.977362, -18.40237, -19.82738, -21.252386, -22.677393, -24.1024, -25.527407, -26.952414, -28.37742, -29.802427, -31.227434, -32.65244, -34.077446, -35.502453, -36.92746, -38.35246. axis 3: 129.37329, 151.18132, 172.98935, 194.79738, 216.60541, 238.41345, 260.2215, 282.0295, 303.83755, 325.64557, 347.4536, 369.26166, 391.06967, 412.87772, 434.68573, 456.49377, 478.30182, 500.10983, 521.91785, 543.725. 
gt: axis 1: -0.80111194, -2.844038, -3.3191679, -2.59231, -1.035156, 1.71149, 3.03968, 4.85998, 6.1515856, 5.267392, 5.896073, 5.8225646, 6.685737, 5.965029, 5.720279, 5.038115, 4.700869, 4.769401, 4.828428, 5.06572. axis 2: -9.004303, -7.502594, -7.169735, -7.21544, -6.8111954, -5.166012, -4.977086, -3.8450413, -1.307792, 1.258914, 2.757066, 2.9522219, 1.011547, -0.798648, -1.701662, -2.088254, -1.7339032, -1.27648, -1.476545, -1.20599. axis 3: 94.672195, 85.75218, 89.51877, 99.98264, 112.770164, 128.93903, 144.20712, 163.45032, 177.73611, -171.75911, -167.36137, -168.09233, -169.19756, -169.38167, -169.22322, -170.37343, -172.2079, -174.55823, -178.45215, 179.0407. 
pred: axis 1: -12.641042, -15.017908, -17.394775, -19.77164, -22.148508, -24.525373, -26.90224, -29.279106, -31.655973, -34.03284, -36.409706, -38.78657, -41.163437, -43.540306, -45.91717, -48.294037, -50.670902, -53.04777, -55.424637, -57.80150. axis 2: 15.517011, 19.589071, 23.66113, 27.73319, 31.80525, 35.87731, 39.94937, 44.02143, 48.093494, 52.165554, 56.237614, 60.309673, 64.38174, 68.4538, 72.525856, 76.597916, 80.669975, 84.742035, 88.814095, 92.88615. axis 3: 51.473328, 60.446175, 69.41902, 78.39187, 87.364716, 96.33757, 105.31042, 114.283264, 123.25611, 132.22896, 141.2018, 150.17465, 159.14749, 168.12035, 177.0932, 186.06604, 195.0389, 204.01173, 212.98459, 221.9574. 
gt: axis 1: -14.608026, -16.06622, -16.555573, -15.154066, -13.482742, -9.413146, -6.5641837, -4.96283, -3.450599, -4.349999, -3.303676, -2.58756, -1.506258, 1.318886, 1.041918, 1.919399, 4.094466, 7.488061, 10.711521, 11.80597. axis 2: 14.556597, 15.947169, 16.24089, 14.922143, 14.287413, 10.979325, 8.862692, 6.637898, 5.184128, 4.249889, 1.837819, -0.829839, -3.342138, -5.93196, -6.678517, -8.760483, -10.423824, -9.815602, -8.814717, -6.60258. axis 3: 44.064247, 44.00222, 44.087227, 44.99769, 44.585335, 46.136257, 50.69264, 54.577793, 56.68882, 57.880707, 59.51832, 61.504215, 61.789524, 61.932537, 61.834564, 61.200504, 66.71097, 73.990845, 79.71531, 85.5224. 
pred: axis 1: 8.639347, 9.412869, 10.186393, 10.959916, 11.7334385, 12.506961, 13.280483, 14.054006, 14.827528, 15.60105, 16.374573, 17.148094, 17.921618, 18.695139, 19.46866, 20.242184, 21.015705, 21.789228, 22.56275, 23.33627. axis 2: 22.149477, 22.937176, 23.724876, 24.512577, 25.300278, 26.087978, 26.875677, 27.663378, 28.451078, 29.23878, 30.02648, 30.81418, 31.601881, 32.38958, 33.17728, 33.96498, 34.75268, 35.540382, 36.328083, 37.11578. axis 3: 118.45482, 118.80068, 119.146545, 119.49241, 119.83828, 120.18414, 120.53001, 120.87587, 121.22174, 121.567604, 121.91347, 122.25934, 122.6052, 122.951065, 123.29693, 123.6428, 123.98866, 124.334526, 124.6804, 125.0262. 
gt: axis 1: 8.916965, 9.318017, 10.247022, 11.944878, 13.857131, 15.655825, 16.109776, 15.11963, 15.709298, 17.170986, 17.463522, 18.111637, 18.636234, 18.675919, 18.510178, 18.399858, 17.934729, 15.250032, 12.876639, 10.1928. axis 2: 21.193224, 20.850986, 20.815496, 20.395391, 19.363674, 18.111282, 14.132963, 11.408727, 9.188571, 6.5924335, 0.90402293, -1.227198, -2.077441, -2.607167, -1.8457808, -1.541988, 3.710392, 12.189789, 15.045282, 16.99411. axis 3: 116.1767, 115.177345, 113.62884, 110.92752, 106.24928, 100.758385, 93.08182, 89.257065, 85.71059, 82.21615, 73.022354, 70.15719, 70.3563, 70.31572, 70.609634, 70.5685, 78.23681, 94.55479, 103.56679, 110.50403. 
pred: axis 1: 0.31554464, -0.40724868, -1.130042, -1.8528353, -2.5756285, -3.2984216, -4.021215, -4.7440085, -5.4668016, -6.1895947, -6.912388, -7.6351814, -8.357975, -9.080769, -9.803562, -10.526356, -11.249149, -11.971943, -12.694737, -13.41753. axis 2: -19.799091, -21.114092, -22.429092, -23.744091, -25.05909, -26.374088, -27.689087, -29.004086, -30.319084, -31.634083, -32.94908, -34.26408, -35.57908, -36.894077, -38.209076, -39.524075, -40.839073, -42.15407, -43.46907, -44.7840. axis 3: 10.10223, 5.448848, 0.79546475, -3.857918, -8.511301, -13.164684, -17.818068, -22.47145, -27.124834, -31.778217, -36.4316, -41.084984, -45.738365, -50.391743, -55.045124, -59.698505, -64.35188, -69.005264, -73.658646, -78.3120. 
gt: axis 1: 1.175669, 0.816661, 0.761066, 0.654209, 0.58177, 1.27209, 5.249716, 7.23658, 9.824803, 10.526898, 10.297689, 8.916548, 5.243255, 1.318007, -0.265452, -3.6685462, -2.412892, -0.56305, -1.24981, -1.94274. axis 2: -19.405685, -19.392286, -19.15911, -18.561361, -18.567629, -17.956545, -12.787606, -9.495613, -4.320322, 0.386733, 5.477521, 10.527009, 15.338173, 18.295044, 17.780895, 19.925848, 21.680748, 17.9484, 16.729677, 16.10367. axis 3: 11.189814, 10.431806, 11.179705, 11.884483, 11.774462, 15.929233, 30.85379, 39.436043, 54.369816, 69.96126, 84.36045, 99.7243, 116.17718, 126.206085, 130.39638, 124.32536, 116.03132, 114.09238, 114.33969, 116.2097. 
pred: axis 1: -19.229536, -19.263445, -19.297354, -19.331263, -19.365171, -19.39908, -19.432987, -19.466896, -19.500805, -19.534714, -19.568623, -19.60253, -19.636438, -19.670347, -19.704256, -19.738165, -19.772072, -19.80598, -19.83989, -19.87379. axis 2: 2.0790024, 2.0641136, 2.049225, 2.0343366, 2.0194478, 2.0045593, 1.9896708, 1.9747821, 1.9598935, 1.9450048, 1.9301163, 1.9152277, 1.900339, 1.8854505, 1.8705618, 1.8556732, 1.8407847, 1.825896, 1.8110074, 1.796118. axis 3: 85.21848, 85.20978, 85.20108, 85.192375, 85.18368, 85.17497, 85.166275, 85.15757, 85.14887, 85.14017, 85.13147, 85.122765, 85.11407, 85.10536, 85.096664, 85.08797, 85.07926, 85.070564, 85.06186, 85.0531. 
gt: axis 1: -19.213305, -19.25914, -19.255878, -19.213024, -19.09882, -19.048717, -19.081343, -19.093786, -19.251345, -19.218855, -19.321455, -19.360004, -19.346554, -19.289677, -19.265594, -19.257341, -19.261328, -19.29134, -19.389719, -19.5965. axis 2: 2.089625, 1.985598, 2.039329, 2.023099, 2.061642, 2.047988, 2.039361, 1.973262, 1.8608521, 1.848597, 1.918304, 1.994155, 1.972711, 1.8850601, 1.8123848, 1.752549, 1.715442, 1.6885608, 1.605943, 0.62626. axis 3: 85.198715, 85.202515, 85.23533, 85.28825, 85.25923, 85.23482, 85.18571, 85.4204, 85.39875, 85.50879, 85.56329, 85.4963, 85.52791, 85.410095, 85.3616, 85.39301, 85.47113, 85.44636, 85.70285, 87.0680. 
pred: axis 1: 6.6517267, 6.8847866, 7.1178465, 7.3509064, 7.5839663, 7.817026, 8.050086, 8.283146, 8.516206, 8.749266, 8.982325, 9.2153845, 9.448444, 9.681504, 9.914564, 10.147624, 10.380684, 10.613744, 10.846804, 11.07986. axis 2: 4.189183, 4.7972674, 5.405352, 6.0134363, 6.6215205, 7.2296047, 7.837689, 8.445773, 9.053858, 9.661942, 10.270026, 10.87811, 11.486196, 12.09428, 12.702365, 13.310451, 13.918535, 14.52662, 15.134705, 15.7427. axis 3: 101.618034, 102.81346, 104.00889, 105.204315, 106.39974, 107.59518, 108.7906, 109.98603, 111.18146, 112.376884, 113.57231, 114.767746, 115.96317, 117.1586, 118.35403, 119.54945, 120.74489, 121.940315, 123.13574, 124.3311. 
gt: axis 1: 6.7525153, 7.26178, 6.970221, 7.1492147, 7.733576, 7.864558, 8.287007, 8.105002, 8.701092, 9.495626, 10.406134, 10.276527, 10.902196, 10.199539, 9.627966, 10.314791, 9.320199, 10.182959, 10.019753, 10.37495. axis 2: 2.9227402, 2.452277, 2.420971, 2.473588, 2.237493, 1.7217109, 1.4071208, 1.045839, 0.894841, 0.35788, -1.121496, -1.7139969, -5.253932, -8.634133, -5.861064, -8.191956, -8.743182, -3.954608, -5.585267, -7.03785. axis 3: 98.61842, 97.04398, 97.406456, 97.17877, 96.98175, 96.90678, 96.874664, 97.05649, 96.444824, 95.246735, 91.52902, 88.83582, 81.43235, 60.805923, 48.39661, 43.823177, 32.979454, 26.484669, 28.376654, 48.60275. 
pred: axis 1: -24.24398, -24.028687, -23.813395, -23.598103, -23.382809, -23.167517, -22.952223, -22.73693, -22.521637, -22.306345, -22.091055, -21.875763, -21.660471, -21.445179, -21.229889, -21.014597, -20.799305, -20.584013, -20.368723, -20.1534. axis 2: -15.158894, -13.5718775, -11.984861, -10.397844, -8.810828, -7.2238126, -5.6367965, -4.04978, -2.4627633, -0.87574697, 0.7112695, 2.298286, 3.8853025, 5.472319, 7.059335, 8.646352, 10.233368, 11.820384, 13.4074, 14.99441. axis 3: 111.71889, 113.91586, 116.11284, 118.309814, 120.50679, 122.703766, 124.90074, 127.09772, 129.2947, 131.49167, 133.68864, 135.88562, 138.0826, 140.27957, 142.47655, 144.67352, 146.8705, 149.06747, 151.26445, 153.4614. 
gt: axis 1: -19.95401, -18.400866, -24.66136, -26.113974, -27.305178, -27.283714, -27.055895, -27.065626, -27.23744, -27.416353, -27.843184, -28.05655, -28.012897, -27.878145, -26.805141, -25.555315, -25.884066, -26.117472, -26.607811, -26.9410. axis 2: -20.506931, -20.868599, -19.556892, -21.146769, -21.850904, -21.753714, -21.5467, -21.74871, -21.714607, -21.565306, -21.437498, -21.271132, -21.173452, -21.29294, -21.704058, -22.241161, -22.030119, -21.965307, -21.908268, -22.11498. axis 3: 100.38227, 99.83924, 104.04402, 103.97238, 101.253426, 101.20027, 101.17365, 100.820496, 100.714134, 100.52574, 100.235634, 100.10517, 100.08019, 100.054756, 100.2404, 100.08855, 100.002426, 100.05748, 99.12616, 98.7791. 
pred: axis 1: -8.128304, -9.555991, -10.983679, -12.4113655, -13.839053, -15.266741, -16.694427, -18.122116, -19.549803, -20.977491, -22.405178, -23.832865, -25.260551, -26.688236, -28.115923, -29.54361, -30.971296, -32.398983, -33.826668, -35.25435. axis 2: -9.506319, -10.132287, -10.758256, -11.384225, -12.010193, -12.636162, -13.26213, -13.888099, -14.514068, -15.140036, -15.766005, -16.391973, -17.017942, -17.64391, -18.269878, -18.895847, -19.521816, -20.147785, -20.773752, -21.39972. axis 3: -15.945899, -26.534332, -37.122765, -47.711197, -58.299633, -68.88806, -79.4765, -90.06493, -100.65336, -111.24178, -121.830215, -132.41864, -143.00706, -153.5955, -164.18393, -174.77235, -185.3608, -195.94923, -206.53767, -217.1261. 
gt: axis 1: -4.659149, 0.13663, 3.493464, 5.8084097, 8.543374, 7.6162004, 6.198442, 7.623714, 6.093801, 5.914365, 6.612904, 7.49794, 7.655749, 8.409645, 8.640199, 7.886081, 7.421212, 7.702662, 7.421586, 9.13701. axis 2: -8.710597, -10.357379, -8.941647, -5.9299593, -1.025865, 5.443275, 5.846936, 6.765815, 6.5422087, 3.7311292, 1.404109, 1.499585, 0.727238, 0.368555, -2.138784, -4.559591, -6.385307, -5.366378, -6.3211584, -6.682552. axis 3: 2.154639, 24.496216, 49.981823, 81.05088, 127.632576, 159.52213, 168.02055, 169.70181, 165.0246, 146.17755, 121.24104, 101.262886, 90.1423, 80.55284, 74.11487, 70.05901, 72.03172, 75.968475, 80.43851, 85.64300. 
pred: axis 1: -2.232353, -3.0020478, -3.7717423, -4.541437, -5.311132, -6.0808268, -6.8505216, -7.6202164, -8.389911, -9.159606, -9.9293, -10.698996, -11.46869, -12.238384, -13.00808, -13.777774, -14.547469, -15.317163, -16.086859, -16.85655. axis 2: -3.571796, -4.884823, -6.19785, -7.510877, -8.823904, -10.136931, -11.449959, -12.762986, -14.076013, -15.38904, -16.702066, -18.015095, -19.328121, -20.64115, -21.954176, -23.267202, -24.58023, -25.893257, -27.206284, -28.51931. axis 3: -44.25537, -45.610985, -46.966602, -48.322216, -49.67783, -51.033447, -52.38906, -53.74468, -55.100292, -56.45591, -57.811523, -59.167137, -60.522755, -61.87837, -63.233986, -64.5896, -65.94521, -67.30083, -68.65645, -70.0120. 
gt: axis 1: -3.0212631, -4.379378, -6.420357, -8.47346, -9.715708, -10.89674, -11.459895, -8.106435, -1.6725559, 8.331681, 19.047676, 25.612108, 28.087763, 27.809013, 26.534094, 22.975416, 21.60691, 17.238585, 12.74889, 7.76626. axis 2: -3.6294453, -6.769394, -7.295164, -7.357225, -9.515698, -12.048353, -15.110679, -20.856857, -25.296144, -26.2145, -21.681023, -14.421623, -6.118936, -1.165984, 4.54138, 7.326503, 10.974225, 13.610645, 13.489622, 10.6182. axis 3: -45.07642, -46.89016, -49.153122, -51.547337, -52.261074, -48.045124, -39.84758, -24.312561, -5.776438, 12.663172, 33.08914, 49.17668, 63.854946, 75.11749, 83.24636, 91.88289, 103.81982, 116.69666, 129.9617, 142.9417. 
pred: axis 1: -5.532472, -7.4057455, -9.279019, -11.152292, -13.025566, -14.89884, -16.772114, -18.645386, -20.51866, -22.391933, -24.265207, -26.138481, -28.011755, -29.885029, -31.7583, -33.631577, -35.50485, -37.37812, -39.251396, -41.1246. axis 2: 14.555861, 17.200607, 19.845352, 22.490097, 25.134844, 27.77959, 30.424337, 33.069084, 35.71383, 38.358578, 41.003323, 43.64807, 46.292812, 48.937557, 51.582302, 54.227047, 56.871788, 59.516533, 62.161278, 64.8060. axis 3: -129.9104, -127.69919, -125.487976, -123.276764, -121.06555, -118.85433, -116.64312, -114.43191, -112.220695, -110.00948, -107.79827, -105.58706, -103.37585, -101.16463, -98.953415, -96.7422, -94.53099, -92.31978, -90.10857, -87.89735. 
gt: axis 1: 0.452079, 8.794654, 8.153876, 7.438062, 7.371932, 4.030012, 3.188373, 2.731913, 1.972194, 1.317242, 0.72969407, -0.213913, -2.540632, -7.254489, -8.599681, -10.581224, -8.683636, -10.438404, -8.207505, -5.2740. axis 2: 7.77404, -0.15003, 0.4865, 1.427129, -0.49606204, -0.586394, 1.243299, 0.52445, 0.513936, 0.181551, 0.628235, -1.672087, -2.108851, -2.08003, 2.035791, 4.135269, 4.591182, 2.990193, -1.61366, -3.9288. axis 3: -124.90797, -122.84357, -121.63257, -119.83659, -133.31764, -179.49065, 153.15938, 129.81569, 116.77333, 107.24626, 99.93151, 95.362076, 81.46872, 56.511555, 40.80258, 29.101742, 42.31888, 79.957375, 121.61797, 147.6875. 
pred: axis 1: -0.71428406, -0.85921615, -1.0041482, -1.1490803, -1.2940124, -1.4389445, -1.5838766, -1.7288088, -1.8737409, -2.0186732, -2.1636052, -2.3085375, -2.4534695, -2.5984018, -2.7433338, -2.888266, -3.033198, -3.1781304, -3.3230624, -3.467994. axis 2: -1.3938987, -1.3923515, -1.3908043, -1.3892571, -1.3877099, -1.3861626, -1.3846154, -1.3830682, -1.381521, -1.3799738, -1.3784266, -1.3768793, -1.3753321, -1.373785, -1.3722378, -1.3706906, -1.3691434, -1.3675961, -1.3660489, -1.364501. axis 3: 91.89065, 91.84942, 91.80818, 91.76695, 91.72572, 91.684494, 91.64326, 91.60203, 91.5608, 91.51957, 91.47834, 91.4371, 91.395874, 91.354645, 91.313416, 91.27219, 91.23095, 91.18972, 91.14849, 91.1072. 
gt: axis 1: -0.476905, -0.167403, 0.40125, 4.464761, 6.5691314, 5.138406, 4.436395, 3.23034, 1.7924589, 1.22797, 0.8639011, 0.545652, 0.297332, -0.15141, -0.13683, 0.061633, 0.597041, 0.94136, 0.855079, 0.71619. axis 2: -1.446375, -1.44908, -1.487511, -0.41511098, 0.812863, 0.075728, -0.01954, -0.070366, 0.038753, 0.201145, 0.383096, 0.494519, 0.564075, 0.495874, 0.406451, 0.25244, 0.117795005, -0.002444, 0.023928, 0.16247. axis 3: 92.02148, 92.09818, 92.20315, 93.253716, 95.92227, 95.90718, 95.25426, 94.91046, 94.61219, 93.904686, 93.82244, 93.63896, 93.39128, 93.15411, 93.12587, 93.286285, 93.45071, 93.59122, 93.58849, 93.40687. 
pred: axis 1: -6.966966, -6.9064846, -6.8460026, -6.7855206, -6.725039, -6.664557, -6.6040754, -6.5435934, -6.483112, -6.42263, -6.3621483, -6.3016663, -6.2411847, -6.1807027, -6.120221, -6.059739, -5.9992576, -5.9387755, -5.8782935, -5.81781. axis 2: -5.275428, -5.455016, -5.634605, -5.8141937, -5.993782, -6.173371, -6.3529596, -6.5325484, -6.7121367, -6.8917255, -7.0713143, -7.2509027, -7.4304914, -7.6100802, -7.7896686, -7.9692574, -8.148846, -8.328435, -8.508023, -8.68761. axis 3: 171.73299, 171.07, 170.40704, 169.74408, 169.08112, 168.41815, 167.75517, 167.09221, 166.42924, 165.76628, 165.10332, 164.44034, 163.77737, 163.11441, 162.45145, 161.78848, 161.1255, 160.46254, 159.79958, 159.1366. 
gt: axis 1: -2.086585, 2.589561, 4.540517, 3.7394893, 2.9489207, 3.1268282, 2.883085, 2.786548, 1.365873, -3.9040198, -9.659249, -9.674929, -9.554754, -10.175971, -10.028129, -9.825373, -9.653663, -9.609647, -9.479347, -9.43476. axis 2: -9.848291, -14.54431, -15.033695, -13.989943, -13.698714, -13.778657, -13.444145, -13.229447, -12.01937, -7.430982, -4.367046, -2.578845, -2.362021, -1.900643, -1.9578, -1.897802, -2.099454, -2.095949, -2.222887, -2.36043. axis 3: 151.07805, 131.13037, 123.1068, 125.972984, 127.88377, 128.05536, 127.236595, 128.5038, 141.65, 165.87515, -176.06201, -175.24475, -174.78992, -173.44673, -174.26653, -174.1347, -174.52852, -174.55287, -174.92436, -175.0277. 
pred: axis 1: -4.364038, -4.1271324, -3.8902266, -3.6533208, -3.4164152, -3.1795094, -2.9426036, -2.7056975, -2.4687917, -2.2318857, -1.9949797, -1.7580738, -1.5211679, -1.2842621, -1.0473561, -0.8104503, -0.57354444, -0.33663857, -0.099732704, 0.1371731. axis 2: -8.310526, -9.413538, -10.516551, -11.619563, -12.722574, -13.825586, -14.928597, -16.031609, -17.13462, -18.237633, -19.340643, -20.443655, -21.546667, -22.649677, -23.752691, -24.855703, -25.958717, -27.06173, -28.164742, -29.26775. axis 3: 190.69075, 226.16048, 261.6302, 297.0999, 332.56964, 368.03937, 403.50912, 438.97882, 474.44852, 509.91824, 545.38794, 580.85767, 616.32733, 651.79706, 687.2667, 722.73645, 758.2062, 793.67584, 829.14557, 864.615. 
gt: axis 1: -5.153506, -5.345979, -2.340464, 1.8418101, 5.818735, 7.924026, 8.621299, 7.492769, 6.593348, 6.6338353, 6.65597, 6.40421, 6.4552226, 6.0814, 3.210574, -0.518123, -1.075647, -0.629675, 0.18031399, 0.8743859. axis 2: -8.636615, -8.705171, -6.803214, -6.151682, -7.52459, -9.19807, -10.471935, -11.551173, -13.312917, -14.424921, -14.710624, -14.806051, -14.697364, -14.942062, -16.98393, -18.908356, -20.741215, -21.16572, -19.816242, -15.56071. axis 3: 150.5304, 147.76924, 145.67639, 143.90723, 144.91818, 146.51163, 145.27126, 145.567, 145.93596, 145.92723, 146.07779, 146.63724, 147.2356, 147.78587, 150.55054, 157.9142, 166.3154, 172.84142, 178.12416, -173.2288. 
