video,user,mae,rmse
18,7,65.03756713867188,72.9922866821289
18,7,85.30988311767578,89.4027099609375
18,7,80.60804748535156,93.47640991210938
18,7,63.41453552246094,80.48717498779297
18,7,59.6898078918457,78.23863983154297
18,7,78.28752136230469,90.05465698242188
18,7,72.39888000488281,79.29781341552734
18,7,59.07926940917969,69.49015808105469
18,7,93.57001495361328,109.28455352783203
18,7,88.47846984863281,100.24034118652344
8,7,77.40901184082031,92.5035629272461
8,7,77.25820922851562,84.3711929321289
8,7,71.15227508544922,82.09497833251953
8,7,65.4599380493164,76.01072692871094
8,7,77.26958465576172,86.38522338867188
8,7,79.52395629882812,88.156494140625
8,7,82.58560180664062,86.89163208007812
8,7,91.87890625,99.96439361572266
8,7,99.71956634521484,109.16004180908203
8,7,95.73388671875,102.3531494140625
8,7,82.04789733886719,89.63395690917969
8,7,66.1006851196289,79.22783660888672
8,7,85.65404510498047,95.3007583618164
8,7,80.91972351074219,88.87774658203125
14,21,83.49381256103516,88.02296447753906
14,21,82.06161499023438,86.57893371582031
14,21,84.83872985839844,89.81460571289062
14,21,89.01980590820312,94.16277313232422
14,21,84.61474609375,89.4627914428711
14,21,83.89552307128906,88.75035858154297
14,21,99.10710144042969,106.46121215820312
14,21,85.12572479248047,90.06389617919922
14,21,88.18489837646484,92.00456237792969
14,21,85.3283462524414,90.72420501708984
14,21,84.19363403320312,89.09204864501953
14,21,82.99227142333984,90.42924499511719
14,21,85.9947509765625,91.31861877441406
14,21,84.46102142333984,87.73094940185547
24,47,90.19474792480469,97.72547912597656
24,47,95.70095825195312,101.30899810791016
24,47,96.35591125488281,109.53401947021484
24,47,83.2460708618164,90.11701202392578
24,47,103.66374969482422,113.3868408203125
24,47,104.07772064208984,110.91627502441406
24,47,90.82241821289062,99.89771270751953
24,47,102.65998077392578,116.7716293334961
24,47,103.8174057006836,114.30638885498047
24,47,98.2586898803711,103.32917022705078
24,47,87.54257202148438,94.03136444091797
24,47,102.91108703613281,114.11992645263672
24,47,94.09872436523438,100.2388916015625
24,47,84.00430297851562,90.57697296142578
8,60,80.60916137695312,85.44505310058594
8,60,79.48738861083984,85.38750457763672
8,60,79.58487701416016,85.54890441894531
8,60,82.62659454345703,88.46749877929688
8,60,82.9278793334961,88.08904266357422
8,60,81.25357818603516,86.95132446289062
8,60,79.3451919555664,85.20606994628906
8,60,81.36878967285156,86.94828033447266
8,60,81.96244049072266,87.60350799560547
8,60,81.72944641113281,87.37772369384766
8,60,81.24211883544922,86.89290618896484
8,60,80.33058166503906,86.1458511352539
8,60,84.43305206298828,91.17164611816406
8,60,79.60745239257812,85.63613891601562
14,45,82.21663665771484,86.22146606445312
14,45,85.91437530517578,90.62959289550781
14,45,87.88301849365234,92.1363525390625
14,45,101.50493621826172,105.65618896484375
14,45,85.36669158935547,90.03123474121094
14,45,82.67166900634766,87.0148696899414
14,45,108.21717834472656,121.44595336914062
14,45,96.06543731689453,101.44861602783203
14,45,87.84044647216797,92.75373840332031
14,45,102.17034149169922,109.41666412353516
14,45,90.24993133544922,95.29109954833984
14,45,85.32962799072266,90.2459945678711
14,45,88.02169799804688,93.23961639404297
14,45,105.74308013916016,117.76350402832031
24,23,83.45540618896484,87.58206176757812
24,23,96.0911636352539,101.65092468261719
24,23,85.84598541259766,90.73342895507812
24,23,115.20178985595703,134.2378692626953
24,23,94.67517852783203,99.78309631347656
24,23,83.1624755859375,93.10016632080078
24,23,75.4066390991211,80.55593872070312
24,23,82.06228637695312,89.47634887695312
24,23,102.4406967163086,110.04383850097656
24,23,95.61762237548828,102.30219268798828
24,23,95.60762023925781,101.5007095336914
24,23,95.11455535888672,100.759521484375
24,23,96.11800384521484,101.62622833251953
24,23,86.51483917236328,91.88584899902344
25,26,106.08089447021484,120.77018737792969
25,26,95.73902893066406,102.1220474243164
25,26,90.32760620117188,95.14109802246094
25,26,81.07804107666016,85.99832153320312
25,26,91.20674896240234,95.97211456298828
25,26,96.14988708496094,102.83528900146484
25,26,111.8941421508789,118.52183532714844
25,26,105.20500946044922,114.60728454589844
25,26,99.54248046875,109.11607360839844
25,26,92.7004165649414,97.73445129394531
25,26,93.28652954101562,103.35919189453125
25,26,100.9812240600586,123.80722045898438
25,26,99.4424057006836,115.72698974609375
25,26,109.63082885742188,118.69749450683594
18,49,76.7229232788086,90.01405334472656
18,49,67.69145965576172,76.4268569946289
18,49,60.36227798461914,70.6664810180664
18,49,59.356204986572266,66.5396728515625
18,49,70.26322937011719,85.02436065673828
18,49,61.9565544128418,72.13082122802734
18,49,85.38484191894531,97.45362854003906
18,49,61.544193267822266,73.6641616821289
18,49,97.67234802246094,112.23404693603516
18,49,63.76508712768555,70.90843200683594
18,49,66.92929077148438,76.30879974365234
18,49,60.786128997802734,65.99649810791016
18,49,55.880680084228516,62.459266662597656
25,4,92.86660766601562,98.08519744873047
25,4,109.0130844116211,117.02200317382812
25,4,105.49608612060547,113.38737487792969
25,4,87.52198791503906,94.05081939697266
25,4,107.45243835449219,117.02740478515625
25,4,104.448486328125,119.99032592773438
25,4,112.43380737304688,117.74886322021484
25,4,106.9879150390625,120.41334533691406
25,4,99.29792022705078,112.1225814819336
25,4,90.6822738647461,145.70867919921875
25,4,111.56077575683594,128.0317840576172
25,4,93.58882904052734,99.02862548828125
25,4,98.18429565429688,103.80958557128906
25,4,97.37789916992188,104.3868179321289
4,55,90.99373626708984,98.92745208740234
4,55,111.80706024169922,122.05777740478516
4,55,96.29234313964844,104.81880187988281
4,55,94.25244903564453,100.33000946044922
4,55,104.70838928222656,121.24498748779297
4,55,92.1403579711914,98.8778076171875
4,55,87.45206451416016,94.220703125
4,55,96.41905212402344,111.65292358398438
4,55,86.23082733154297,93.37088775634766
4,55,85.69114685058594,93.21675109863281
4,55,84.58486938476562,88.12181854248047
4,55,85.42249298095703,95.4702377319336
4,55,107.58909606933594,112.21005249023438
4,55,89.1471939086914,96.6837387084961
25,35,96.16598510742188,99.358154296875
25,35,75.68795776367188,86.89473724365234
25,35,105.136962890625,112.46734619140625
25,35,103.7684555053711,114.29381561279297
25,35,96.30744171142578,103.15848541259766
25,35,78.56105041503906,86.6561508178711
25,35,100.51074981689453,105.33785247802734
25,35,96.0652847290039,102.81405639648438
25,35,97.18169403076172,104.40644836425781
25,35,112.52836608886719,122.50372314453125
25,35,85.2822494506836,95.5936050415039
25,35,72.27164459228516,84.63450622558594
25,35,90.71147918701172,100.54601287841797
25,35,73.33497619628906,82.36621856689453
4,47,89.47004699707031,95.16641998291016
4,47,90.36474609375,95.9850082397461
4,47,102.46115112304688,112.75247192382812
4,47,92.99237823486328,98.18690490722656
4,47,92.83927154541016,96.95425415039062
4,47,86.63789367675781,94.42799377441406
4,47,88.27600860595703,96.73240661621094
4,47,65.3209228515625,73.76789093017578
4,47,92.14859771728516,97.40673828125
4,47,66.16378784179688,74.36127471923828
4,47,63.73999786376953,71.95536041259766
4,47,92.2397689819336,97.98320770263672
4,47,91.47233581542969,96.71327209472656
4,47,88.52257537841797,94.4103775024414
24,49,104.25520324707031,113.11986541748047
24,49,96.6939468383789,102.76573181152344
24,49,101.75467681884766,108.61244201660156
24,49,75.89997863769531,85.12122344970703
24,49,97.85287475585938,105.0721206665039
24,49,102.99185943603516,110.42511749267578
24,49,97.31625366210938,103.3205795288086
24,49,104.8035659790039,113.23089599609375
24,49,80.85617065429688,87.0824966430664
24,49,98.43513488769531,106.6261215209961
24,49,105.98744201660156,112.80323791503906
24,49,106.2786636352539,114.76971435546875
24,49,98.3868408203125,104.90560913085938
24,49,73.2193832397461,83.55211639404297
14,83,95.19554901123047,100.70941925048828
14,83,97.13578033447266,103.41110229492188
14,83,93.0020751953125,101.38870239257812
14,83,101.8178482055664,117.39988708496094
14,83,100.9488754272461,104.947998046875
14,83,97.58661651611328,99.52091979980469
14,83,98.25234985351562,104.11482238769531
14,83,101.76930236816406,114.06332397460938
14,83,94.3704833984375,102.77510070800781
14,83,99.73320770263672,105.39382934570312
14,83,94.02799987792969,100.42659759521484
14,83,81.97366333007812,90.32023620605469
14,83,102.46659851074219,107.60559844970703
14,83,90.23908996582031,94.95146942138672
8,3,96.35560607910156,103.90624237060547
8,3,92.34243774414062,99.75696563720703
8,3,93.92670440673828,108.05073547363281
8,3,103.20992279052734,111.2956314086914
8,3,98.18163299560547,105.26834869384766
8,3,95.9359359741211,113.50775909423828
8,3,110.84126281738281,116.21281433105469
8,3,98.20932006835938,106.39218139648438
8,3,99.1231460571289,109.21746063232422
8,3,101.16535186767578,108.41389465332031
8,3,94.40889739990234,101.87469482421875
8,3,101.5779800415039,109.72862243652344
8,3,103.02574157714844,113.85585021972656
8,3,100.42644500732422,107.39460754394531
14,4,98.24979400634766,106.98120880126953
14,4,89.51923370361328,96.38177490234375
14,4,87.48959350585938,93.20462036132812
14,4,97.75862121582031,111.36892700195312
14,4,90.26714324951172,96.65486907958984
14,4,95.11158752441406,100.77806091308594
14,4,86.16614532470703,92.78791046142578
14,4,104.72807312011719,116.74111938476562
14,4,81.59757995605469,86.43843841552734
14,4,84.0598373413086,89.86381530761719
14,4,87.1421890258789,91.06214904785156
14,4,86.83108520507812,92.7270736694336
14,4,98.5484619140625,104.66680145263672
14,4,93.35338592529297,99.39830017089844
24,59,98.36357116699219,105.09075164794922
24,59,95.45263671875,101.21836853027344
24,59,95.19915008544922,100.84379577636719
24,59,95.94129180908203,101.01029968261719
24,59,92.93204498291016,98.09798431396484
24,59,80.85578155517578,86.70184326171875
24,59,94.50929260253906,100.65801239013672
24,59,89.08695983886719,95.81181335449219
24,59,97.75314331054688,102.6507339477539
24,59,84.115234375,89.8117904663086
24,59,104.77191925048828,114.18035125732422
24,59,93.68556213378906,98.870361328125
24,59,75.33988189697266,83.38240051269531
24,59,85.54607391357422,90.76555633544922
24,35,96.74073028564453,103.07276916503906
24,35,96.58299255371094,102.91935729980469
24,35,101.06831359863281,109.06526184082031
24,35,96.24015808105469,103.27332305908203
24,35,100.02200317382812,108.27436065673828
24,35,97.06607818603516,105.36934661865234
24,35,108.703369140625,118.04774475097656
24,35,100.47499084472656,108.59883117675781
24,35,99.18431854248047,107.72328186035156
24,35,96.37637329101562,103.4019546508789
24,35,90.70584106445312,96.91535949707031
24,35,74.70700073242188,79.67601013183594
24,35,96.8996810913086,103.90593719482422
24,35,92.7533950805664,100.46953582763672
8,15,103.17431640625,113.04389190673828
8,15,81.46559143066406,89.33934020996094
8,15,79.88011169433594,87.5421142578125
8,15,81.70276641845703,93.88753509521484
8,15,85.18872833251953,96.84017181396484
8,15,77.0586166381836,89.36131286621094
8,15,80.58768463134766,88.13735961914062
8,15,83.8909683227539,92.57410430908203
8,15,80.56900787353516,88.09553527832031
8,15,89.85139465332031,99.82247924804688
8,15,79.50711059570312,89.1165542602539
8,15,80.53484344482422,88.07526397705078
8,15,93.45677947998047,103.16607666015625
8,15,84.19011688232422,94.01349639892578
24,55,88.37442779541016,95.833740234375
24,55,94.01988220214844,102.32286834716797
24,55,73.25918579101562,81.40670013427734
24,55,96.2047348022461,104.29300689697266
24,55,85.39494323730469,94.723876953125
24,55,99.11869049072266,108.19387817382812
24,55,90.74435424804688,97.84304809570312
24,55,91.92271423339844,99.17686462402344
24,55,86.56282806396484,93.84306335449219
24,55,86.77474212646484,96.7803955078125
24,55,69.60962677001953,79.99436950683594
24,55,83.7601318359375,90.9808349609375
24,55,99.55516052246094,108.2129898071289
24,55,85.63069152832031,93.08124542236328
24,60,86.23197937011719,93.51325225830078
24,60,80.3411865234375,87.0096435546875
24,60,89.51707458496094,94.69681549072266
24,60,89.57231903076172,94.71646881103516
24,60,84.97966766357422,89.55663299560547
24,60,91.90016174316406,98.11321258544922
24,60,90.41902160644531,95.83544921875
24,60,81.61959838867188,87.05242156982422
24,60,94.94853973388672,101.66036987304688
24,60,88.18737030029297,92.69245910644531
24,60,87.4708023071289,92.30450439453125
24,60,91.27157592773438,96.6366958618164
24,60,84.64198303222656,91.24925994873047
24,60,87.71253967285156,92.85948181152344
14,49,96.92362976074219,103.88031005859375
14,49,81.1250228881836,86.33625030517578
14,49,94.11251068115234,99.5657730102539
14,49,83.3250503540039,88.58562469482422
14,49,82.6314926147461,88.68968200683594
14,49,68.97456359863281,75.78157043457031
14,49,86.1943130493164,92.5983657836914
14,49,88.34342193603516,92.67304229736328
14,49,84.31513214111328,89.96112823486328
14,49,82.05330657958984,87.82328796386719
14,49,85.31431579589844,93.54535675048828
14,49,88.65314483642578,95.34241485595703
14,49,87.56118774414062,93.1572265625
14,49,80.29193878173828,85.84129333496094
25,30,91.87380981445312,97.0389175415039
25,30,83.63323211669922,88.88349151611328
25,30,89.6006851196289,94.63162231445312
25,30,88.0791015625,93.04508972167969
25,30,88.73702239990234,93.25782012939453
25,30,90.0626449584961,94.81895446777344
25,30,90.66193389892578,97.19589233398438
25,30,86.32839965820312,91.92245483398438
25,30,86.5768814086914,91.1872329711914
25,30,85.76232147216797,90.5510025024414
25,30,87.1207504272461,91.89045715332031
25,30,89.32625579833984,94.41026306152344
25,30,89.6462173461914,95.13060760498047
25,30,89.57511901855469,94.61343383789062
25,45,81.07414245605469,86.64205932617188
25,45,83.34430694580078,88.52458190917969
25,45,62.21686935424805,81.37373352050781
25,45,58.9503288269043,79.61698913574219
25,45,104.1214828491211,113.23680877685547
25,45,98.40385437011719,121.84661865234375
25,45,83.50968170166016,88.67506408691406
25,45,59.04539489746094,79.8057632446289
25,45,108.73645782470703,116.37460327148438
25,45,62.16486358642578,72.64685821533203
25,45,85.44962310791016,150.10018920898438
25,45,83.18746948242188,88.32998657226562
25,45,82.43135833740234,99.01666259765625
25,45,96.4769515991211,111.08142852783203
4,53,96.2127685546875,106.65921783447266
4,53,77.22657012939453,89.47078704833984
4,53,81.64962005615234,88.33734130859375
4,53,97.5356674194336,107.2811050415039
4,53,79.97537994384766,88.33240509033203
4,53,88.56869506835938,97.34834289550781
4,53,81.59220886230469,89.55268096923828
4,53,79.4583969116211,90.44293212890625
4,53,93.695556640625,102.89774322509766
4,53,81.93665313720703,92.11038970947266
4,53,88.75397491455078,98.101806640625
4,53,71.62075805664062,85.2778549194336
4,53,87.20133209228516,96.86058044433594
4,53,79.53219604492188,88.88706970214844
4,15,87.2492446899414,93.7818603515625
4,15,88.5066909790039,96.31246185302734
4,15,98.26314544677734,106.7265625
4,15,87.67211151123047,94.26866149902344
4,15,87.0815200805664,93.57844543457031
4,15,79.06607055664062,87.89442443847656
4,15,90.6658706665039,97.1642074584961
4,15,83.72650909423828,91.68265533447266
4,15,83.1866683959961,88.8021469116211
4,15,91.54448699951172,99.71809387207031
4,15,83.8972396850586,92.20631408691406
4,15,83.86737823486328,91.08710479736328
4,15,97.53428649902344,106.1539306640625
4,15,85.45217895507812,92.8671646118164
8,59,88.43656158447266,94.80219268798828
8,59,95.39444732666016,101.60409545898438
8,59,97.41837310791016,103.86456298828125
8,59,85.9664535522461,92.38124084472656
8,59,97.68840789794922,103.37165832519531
8,59,90.76072692871094,96.48152160644531
8,59,90.09664916992188,96.25010681152344
8,59,88.549072265625,95.97561645507812
8,59,91.36056518554688,97.08547973632812
8,59,93.08859252929688,99.62091827392578
8,59,93.74571990966797,100.10692596435547
8,59,91.78583526611328,97.72193145751953
8,59,94.32315826416016,101.76602935791016
8,59,86.05284118652344,94.41921997070312
24,84,82.02163696289062,88.40985107421875
24,84,80.28450012207031,85.15433502197266
24,84,95.8257064819336,101.61177825927734
24,84,89.81340026855469,94.37279510498047
24,84,105.8764877319336,119.86680603027344
24,84,95.83138275146484,99.50609588623047
24,84,98.21316528320312,104.55167388916016
24,84,82.23460388183594,88.49527740478516
24,84,96.58638000488281,101.91555786132812
24,84,76.0821533203125,80.82738494873047
24,84,80.53385925292969,83.76334381103516
24,84,103.30247497558594,113.87998962402344
24,84,74.50804901123047,78.66436004638672
24,84,89.30728149414062,92.56848907470703
8,84,81.63465118408203,85.38334655761719
8,84,82.63553619384766,86.4958724975586
8,84,89.03765106201172,93.13084411621094
8,84,60.977783203125,73.255615234375
8,84,65.22777557373047,83.49685668945312
8,84,74.99439239501953,81.05625915527344
8,84,87.98406219482422,92.29741668701172
8,84,88.09428405761719,92.02599334716797
8,84,80.46588897705078,85.29218292236328
8,84,81.57957458496094,85.3425521850586
8,84,82.9547348022461,89.15033721923828
8,84,81.4856948852539,85.23651885986328
8,84,70.68522644042969,74.80579376220703
8,84,80.57078552246094,83.67808532714844
4,21,84.610595703125,89.25226593017578
4,21,85.50575256347656,90.0638427734375
4,21,84.22937774658203,88.82048034667969
4,21,82.64124298095703,87.18354797363281
4,21,83.93107604980469,88.4902114868164
4,21,83.08731079101562,87.56536865234375
4,21,82.55207824707031,87.11886596679688
4,21,84.33586120605469,89.53898620605469
4,21,82.88591766357422,87.39976501464844
4,21,84.44417572021484,89.48444366455078
4,21,84.55513000488281,89.15824127197266
4,21,83.77971649169922,88.4024887084961
4,21,83.4024887084961,87.84029388427734
4,21,78.7894515991211,83.78638458251953
25,49,96.55872344970703,116.7337417602539
25,49,91.14356231689453,133.23098754882812
25,49,90.52401733398438,104.60389709472656
25,49,106.1213150024414,114.93692016601562
25,49,91.63078308105469,132.739013671875
25,49,101.8971176147461,114.97606658935547
25,49,99.52055358886719,107.16972351074219
25,49,95.76954650878906,122.4356689453125
25,49,95.90050506591797,102.63807678222656
25,49,72.64893341064453,80.77755737304688
25,49,98.8242416381836,131.82278442382812
25,49,58.65423583984375,69.25780487060547
25,49,90.64833068847656,93.12310028076172
25,49,72.34419250488281,78.56724548339844
4,35,89.23306274414062,96.65423583984375
4,35,105.27288055419922,115.30131530761719
4,35,88.36772155761719,95.36103057861328
4,35,85.97770690917969,93.24427795410156
4,35,90.99779510498047,99.51337432861328
4,35,91.57273864746094,98.49359893798828
4,35,91.43687438964844,98.49565124511719
4,35,91.47376251220703,97.91439819335938
4,35,92.43952941894531,100.27967071533203
4,35,91.12413024902344,99.29312896728516
4,35,86.34312438964844,92.24890899658203
4,35,81.68831634521484,91.2390365600586
4,35,92.65870666503906,100.06356811523438
4,35,92.10334777832031,99.46133422851562
4,60,77.79374694824219,83.00517272949219
4,60,71.40166473388672,77.41841125488281
4,60,79.12345123291016,82.91918182373047
4,60,88.8416519165039,94.5499038696289
4,60,80.8531723022461,85.59220886230469
4,60,81.35499572753906,86.44792938232422
4,60,91.1385726928711,99.66109466552734
4,60,80.30620574951172,84.2303237915039
4,60,79.60973358154297,84.768310546875
4,60,78.83878326416016,84.78269958496094
4,60,85.45381164550781,90.55608367919922
4,60,86.50947570800781,93.49759674072266
4,60,90.27946472167969,96.59645080566406
4,60,83.85091400146484,89.17683410644531
4,22,87.01210021972656,91.6806640625
4,22,86.15576171875,93.29183197021484
4,22,89.77324676513672,96.65917205810547
4,22,86.80484771728516,92.74934387207031
4,22,91.31051635742188,96.62529754638672
4,22,90.89738464355469,97.07369995117188
4,22,87.64112091064453,93.97918701171875
4,22,91.4083480834961,97.63910675048828
4,22,98.7156753540039,107.1794204711914
4,22,87.3382568359375,93.3809814453125
4,22,86.43376922607422,92.5062255859375
4,22,91.52757263183594,97.85285949707031
4,22,80.0520248413086,87.58161926269531
4,22,92.15180206298828,99.22769927978516
14,48,96.14047241210938,100.89002990722656
14,48,95.14617156982422,99.26832580566406
14,48,94.2806396484375,98.32703399658203
14,48,91.48527526855469,95.43505859375
14,48,97.56586456298828,103.62696838378906
14,48,98.20381927490234,102.72105407714844
14,48,93.7581558227539,98.83010864257812
14,48,91.26004791259766,94.99944305419922
14,48,92.09294128417969,95.93827056884766
14,48,96.30237579345703,100.43614196777344
14,48,98.19197082519531,103.04285430908203
14,48,86.03832244873047,90.97637939453125
14,48,92.63613891601562,96.83734893798828
14,48,94.67103576660156,99.33746337890625
14,59,90.40750122070312,95.80889129638672
14,59,92.8785400390625,101.81497955322266
14,59,86.68560028076172,91.60565948486328
14,59,89.70211029052734,94.22063446044922
14,59,86.88700103759766,90.22266387939453
14,59,91.13252258300781,96.83087158203125
14,59,90.58509063720703,95.90982055664062
14,59,97.11334991455078,102.49705505371094
14,59,85.53996276855469,88.71441650390625
14,59,102.16449737548828,119.51432037353516
14,59,88.54277038574219,93.9755630493164
14,59,86.26097869873047,91.6529312133789
14,59,101.14039611816406,108.71405029296875
14,59,89.7631607055664,98.54774475097656
18,83,94.570556640625,100.72653198242188
18,83,84.67605590820312,95.64846801757812
18,83,85.61767578125,90.3780288696289
18,83,71.21784210205078,76.5140609741211
18,83,72.39945983886719,77.26881408691406
18,83,101.31610870361328,112.00932312011719
18,83,77.55244445800781,94.44136047363281
18,83,75.75650024414062,80.86270141601562
18,83,75.98323822021484,82.07930755615234
18,83,66.0318832397461,72.32946014404297
18,83,86.92493438720703,92.43682861328125
18,83,90.9102554321289,96.41036987304688
14,23,106.46427917480469,119.50605010986328
14,23,90.89055633544922,108.67411041259766
14,23,63.161415100097656,70.66551971435547
14,23,99.61394500732422,108.64311981201172
14,23,103.25023651123047,118.93754577636719
14,23,102.467041015625,141.51181030273438
14,23,78.01667022705078,89.4769058227539
14,23,100.98738861083984,114.7501449584961
14,23,99.37274932861328,109.4189453125
14,23,93.14856719970703,138.93072509765625
14,23,118.5181884765625,132.68817138671875
14,23,98.21430969238281,106.72267150878906
14,23,95.41909790039062,121.4755859375
14,23,66.61449432373047,73.58837890625
4,84,90.51148986816406,95.02144622802734
4,84,84.18021392822266,87.446533203125
4,84,71.99825286865234,78.89805603027344
4,84,89.30912017822266,94.3834457397461
4,84,89.04784393310547,98.37390899658203
4,84,82.89208221435547,87.85824584960938
4,84,83.07561492919922,86.65562438964844
4,84,95.13143920898438,102.83586120605469
4,84,99.27742004394531,106.5870590209961
4,84,102.67825317382812,107.24317932128906
4,84,82.69515991210938,86.25476837158203
4,84,69.95170593261719,79.72090911865234
4,84,89.01993560791016,94.54518127441406
4,84,94.12171936035156,101.0588607788086
25,55,89.77249908447266,101.08242797851562
25,55,79.11027526855469,85.9780044555664
25,55,69.15849304199219,75.38880157470703
25,55,96.67266082763672,109.83187103271484
25,55,67.81568908691406,73.34886932373047
25,55,73.21687316894531,76.81942749023438
25,55,91.01254272460938,97.31663513183594
25,55,99.92866516113281,109.44367218017578
25,55,61.02070999145508,69.03419494628906
25,55,74.60745239257812,82.68231201171875
25,55,56.1139030456543,62.35525894165039
25,55,78.38504028320312,88.81387329101562
25,55,44.37156295776367,50.499549865722656
25,55,66.87920379638672,74.0719985961914
4,44,97.51206970214844,103.38723754882812
4,44,90.81468200683594,95.63397979736328
4,44,94.89299011230469,100.6145248413086
4,44,94.9595947265625,99.55503845214844
4,44,95.47402954101562,101.36461639404297
4,44,92.70911407470703,98.23393249511719
4,44,110.410888671875,119.25090789794922
4,44,84.6479263305664,91.13834381103516
4,44,94.37234497070312,98.86617279052734
4,44,96.0458984375,101.44884490966797
4,44,93.56742095947266,98.0743179321289
4,44,92.31783294677734,107.47631072998047
4,44,97.25489044189453,103.90013122558594
4,44,107.72374725341797,120.23233795166016
8,45,97.60107421875,107.06078338623047
8,45,72.50132751464844,79.81422424316406
8,45,58.10511016845703,72.18192291259766
8,45,57.14651107788086,73.01103973388672
8,45,57.3782958984375,73.37703704833984
8,45,56.95317459106445,72.86276245117188
8,45,57.27438735961914,73.10112762451172
8,45,57.2652473449707,65.46366119384766
8,45,85.39401245117188,96.78901672363281
8,45,87.90498352050781,94.07728576660156
8,45,87.37992858886719,93.55370330810547
8,45,86.28553771972656,92.18083190917969
8,45,57.178348541259766,73.29780578613281
8,45,57.366268157958984,73.51747131347656
8,55,95.1960220336914,103.84027862548828
8,55,93.03490447998047,101.62223052978516
8,55,92.55715942382812,100.74327850341797
8,55,107.20819854736328,113.9365234375
8,55,92.79869842529297,101.25919342041016
8,55,92.89793395996094,101.46119689941406
8,55,92.8849105834961,101.40267944335938
8,55,92.84591674804688,101.40174865722656
8,55,93.16680145263672,101.8552474975586
8,55,96.9083480834961,101.77979278564453
8,55,92.60408782958984,100.94485473632812
8,55,92.57182312011719,100.798828125
8,55,92.53305053710938,100.67571258544922
8,55,93.04939270019531,101.92990112304688
8,49,107.58568572998047,113.1842269897461
8,49,95.49980163574219,127.23294830322266
8,49,100.34595489501953,107.13835144042969
8,49,70.41129302978516,73.8825454711914
8,49,101.550048828125,108.99922180175781
8,49,100.9486312866211,106.38557434082031
8,49,102.52125549316406,108.73165130615234
8,49,76.51219940185547,78.73859405517578
8,49,101.89820098876953,108.07382202148438
8,49,102.0067367553711,111.47883605957031
8,49,121.08873748779297,129.8524932861328
8,49,99.930419921875,106.82657623291016
8,49,97.29993438720703,104.12000274658203
8,49,83.32280731201172,94.36820220947266
14,35,114.7262954711914,126.87088775634766
14,35,102.19174194335938,108.66764831542969
14,35,97.7145767211914,103.65817260742188
14,35,92.68150329589844,99.54924011230469
14,35,81.57522583007812,90.91319274902344
14,35,92.81645965576172,98.88117980957031
14,35,91.64318084716797,96.33631134033203
14,35,98.62120056152344,105.96773529052734
14,35,99.09078216552734,104.86485290527344
14,35,92.71011352539062,99.4746322631836
14,35,98.19499969482422,105.25676727294922
14,35,93.36863708496094,100.35525512695312
14,35,100.42455291748047,107.08728790283203
14,35,91.80261993408203,97.10279083251953
4,59,88.07937622070312,95.2269287109375
4,59,89.79133605957031,96.50081634521484
4,59,88.36851501464844,94.71258544921875
4,59,86.24803161621094,92.366455078125
4,59,88.92272186279297,95.22569274902344
4,59,95.79877471923828,103.46441650390625
4,59,89.05895233154297,96.14553833007812
4,59,89.48535919189453,95.53697967529297
4,59,91.13270568847656,97.7190933227539
4,59,91.30438995361328,98.5325927734375
4,59,82.25508117675781,89.34441375732422
4,59,88.10208129882812,95.4997329711914
4,59,90.74016571044922,97.46142578125
4,59,86.34751892089844,93.04818725585938
4,83,90.68949127197266,96.08190155029297
4,83,87.43385314941406,93.49136352539062
4,83,86.93524932861328,91.2767333984375
4,83,93.42927551269531,98.37570190429688
4,83,87.90474700927734,93.40824890136719
4,83,115.0665054321289,129.7194366455078
4,83,106.60308074951172,124.1297378540039
4,83,97.62655639648438,103.59074401855469
4,83,103.77937316894531,115.86700439453125
4,83,85.80103302001953,90.70006561279297
4,83,88.5599594116211,94.03335571289062
4,83,101.57412719726562,114.41039276123047
4,83,82.33881378173828,88.57622528076172
4,83,111.36354064941406,122.71440887451172
25,84,109.28540802001953,112.74858093261719
25,84,94.69438934326172,103.20214080810547
25,84,101.5731430053711,107.04076385498047
25,84,110.35265350341797,119.1799087524414
25,84,65.51808166503906,80.43434143066406
25,84,103.91883850097656,111.82061004638672
25,84,99.68453216552734,106.62891387939453
25,84,104.690185546875,109.71908569335938
25,84,110.38352966308594,121.19090270996094
25,84,90.80734252929688,98.78266143798828
25,84,102.06906127929688,107.6897964477539
25,84,100.73848724365234,106.06720733642578
25,84,108.7033462524414,113.15058898925781
25,84,62.528499603271484,69.84466552734375
18,22,88.31031799316406,93.5090103149414
18,22,91.7911148071289,96.46271514892578
18,22,91.32099914550781,96.09424591064453
18,22,94.7370834350586,100.892578125
18,22,91.70762634277344,96.31717681884766
18,22,84.4229736328125,89.40616607666016
18,22,95.06522369384766,102.39740753173828
18,22,91.24982452392578,95.89491271972656
18,22,90.24840545654297,95.2969970703125
18,22,83.45633697509766,89.16870880126953
8,22,93.0718994140625,98.79439544677734
8,22,88.62165832519531,93.51416778564453
8,22,91.46444702148438,97.11917877197266
8,22,92.53323364257812,98.53770446777344
8,22,90.62367248535156,96.30252075195312
8,22,92.96857452392578,98.62450408935547
8,22,93.67134094238281,99.46682739257812
8,22,92.3023910522461,97.94307708740234
8,22,92.58949279785156,98.4444808959961
8,22,90.93312072753906,96.38070678710938
8,22,91.5036849975586,97.13749694824219
8,22,88.75471496582031,93.4378890991211
8,22,90.21512603759766,95.98246765136719
8,22,91.10755157470703,96.98772430419922
4,30,86.35580444335938,93.39678955078125
4,30,81.54226684570312,88.70796203613281
4,30,84.4717788696289,91.05928802490234
4,30,87.35398864746094,94.3650131225586
4,30,86.0498275756836,93.10610961914062
4,30,85.90365600585938,92.78740692138672
4,30,86.91065216064453,94.11490631103516
4,30,86.1818618774414,93.38040161132812
4,30,85.4330062866211,92.32743072509766
4,30,84.94711303710938,91.86891174316406
4,30,86.59545135498047,93.32650756835938
4,30,85.67044067382812,92.70973205566406
4,30,83.7323226928711,90.65973663330078
4,30,84.20310974121094,91.4673843383789
14,26,87.74678802490234,92.59526062011719
14,26,80.11920928955078,85.77313232421875
14,26,84.89273071289062,88.9998550415039
14,26,97.8207778930664,105.93617248535156
14,26,86.53349304199219,91.33592224121094
14,26,82.12911224365234,86.46446990966797
14,26,89.15508270263672,95.27910614013672
14,26,84.74490356445312,89.2444076538086
14,26,82.58149719238281,86.8895034790039
14,26,88.04782104492188,94.34575653076172
14,26,84.58924865722656,90.41534423828125
14,26,85.35478210449219,90.0907211303711
14,26,95.18095397949219,100.53068542480469
14,26,87.19578552246094,91.674560546875
25,7,89.021728515625,134.27545166015625
25,7,96.46735382080078,113.47241973876953
25,7,86.12014770507812,89.58198547363281
25,7,108.75748443603516,115.74575805664062
25,7,98.75453186035156,113.96150207519531
25,7,78.6620864868164,83.75847625732422
25,7,63.076412200927734,74.29270935058594
25,7,75.55175018310547,78.61486053466797
25,7,93.83419036865234,141.4611358642578
25,7,104.76704406738281,139.98550415039062
25,7,78.4661865234375,84.34637451171875
25,7,109.1169204711914,124.33087921142578
25,7,104.25810241699219,116.74958801269531
25,7,63.048099517822266,72.20410919189453
25,59,89.118408203125,94.82333374023438
25,59,103.7071533203125,111.54278564453125
25,59,91.92485809326172,96.6294937133789
25,59,65.99349212646484,77.34817504882812
25,59,104.45687103271484,119.05823516845703
25,59,105.3060073852539,116.41233825683594
25,59,91.62840270996094,96.75934600830078
25,59,74.12355041503906,88.13157653808594
25,59,90.17549896240234,95.03778839111328
25,59,69.66084289550781,80.0755386352539
25,59,74.93915557861328,88.28632354736328
25,59,85.103759765625,98.21444702148438
25,59,74.87147521972656,85.02619171142578
25,59,63.32533645629883,74.73229217529297
24,4,88.81737518310547,97.1891860961914
24,4,77.28865051269531,83.95826721191406
24,4,85.92523956298828,93.9979476928711
24,4,85.18388366699219,92.90995788574219
24,4,84.8982925415039,92.74605560302734
24,4,83.29496765136719,90.90874481201172
24,4,82.04203796386719,89.72784423828125
24,4,87.24961853027344,95.22705841064453
24,4,85.390625,92.95885467529297
24,4,80.1287841796875,87.59518432617188
24,4,82.47183227539062,90.11321258544922
24,4,84.96015930175781,92.99021911621094
24,4,86.32428741455078,93.60235595703125
24,4,100.04745483398438,114.68721771240234
24,53,95.6424789428711,106.40270233154297
24,53,85.77330780029297,93.34821319580078
24,53,84.90911102294922,94.78096771240234
24,53,88.88463592529297,99.93761444091797
24,53,69.75389862060547,83.80472564697266
24,53,86.36759185791016,95.52677917480469
24,53,103.28118133544922,113.2476806640625
24,53,106.63233947753906,117.55689239501953
24,53,84.97224426269531,95.5504150390625
24,53,89.92765045166016,101.18095397949219
24,53,76.00454711914062,86.92078399658203
24,53,85.62895965576172,94.65237426757812
24,53,94.91468048095703,104.65834045410156
24,53,97.76546478271484,107.7854995727539
18,21,74.54672241210938,80.50459289550781
18,21,87.80223846435547,93.64566040039062
18,21,88.99646759033203,95.71524047851562
18,21,92.71849060058594,98.12989044189453
18,21,84.98167419433594,88.5622329711914
18,21,95.9398193359375,104.90802764892578
18,21,82.68987274169922,88.44892120361328
18,21,79.42806243896484,83.32957458496094
18,21,86.91584014892578,91.74264526367188
18,21,85.40459442138672,90.68727111816406
24,21,90.39808654785156,96.68899536132812
24,21,91.44563293457031,97.29724884033203
24,21,98.9169692993164,106.21418762207031
24,21,94.65498352050781,101.23466491699219
24,21,93.59160614013672,99.68238830566406
24,21,93.42289733886719,99.67948913574219
24,21,101.46175384521484,109.32118225097656
24,21,84.9964828491211,94.54841613769531
24,21,97.6774673461914,104.06102752685547
24,21,85.98407745361328,95.56414794921875
24,21,90.68824005126953,96.66561889648438
24,21,95.96546936035156,102.65592193603516
24,21,98.57213592529297,105.09518432617188
24,21,93.85387420654297,100.05331420898438
25,60,104.55408477783203,119.24214935302734
25,60,91.64099884033203,98.52655029296875
25,60,108.57181549072266,127.36363220214844
25,60,101.13188934326172,108.07368469238281
25,60,95.34078979492188,123.11748504638672
25,60,86.89297485351562,91.56398010253906
25,60,102.97000885009766,115.36141204833984
25,60,85.39505767822266,89.02924346923828
25,60,100.33385467529297,107.26629638671875
25,60,101.2801742553711,113.32470703125
25,60,109.32396697998047,117.61697387695312
25,60,99.65513610839844,106.58760070800781
25,60,66.6108169555664,75.7337646484375
25,60,78.57698059082031,86.77284240722656
8,47,48.48945999145508,58.948299407958984
8,47,38.95732879638672,51.73580551147461
8,47,38.20859909057617,47.930545806884766
8,47,38.92121505737305,53.53352737426758
8,47,96.95404815673828,103.02979278564453
8,47,101.92811584472656,108.14558410644531
8,47,110.7858657836914,117.4034194946289
8,47,102.38150787353516,108.49050903320312
8,47,103.77062225341797,110.08206176757812
8,47,103.15083312988281,109.44580841064453
8,47,40.86696243286133,52.99361801147461
8,47,86.55681610107422,90.08189392089844
8,47,54.41020202636719,67.08621978759766
8,47,101.84809112548828,107.76527404785156
8,83,95.154541015625,102.50746154785156
8,83,85.21123504638672,90.65630340576172
8,83,89.42930603027344,95.14273834228516
8,83,95.03279876708984,100.49274444580078
8,83,81.72551727294922,87.90702819824219
8,83,84.88310241699219,94.17825317382812
8,83,88.93378448486328,94.25777435302734
8,83,102.46846771240234,107.95848083496094
8,83,88.16143035888672,93.87214660644531
8,83,100.51575469970703,108.3252182006836
8,83,92.2457046508789,100.45356750488281
8,83,103.10993194580078,114.50627899169922
8,83,88.629638671875,94.48692321777344
8,83,102.34300231933594,116.575927734375
4,48,99.2349853515625,106.29353332519531
4,48,99.17171478271484,107.46648406982422
4,48,73.15190124511719,82.0501937866211
4,48,91.98580169677734,100.28683471679688
4,48,97.16166687011719,103.41925048828125
4,48,91.35610961914062,96.16817474365234
4,48,91.45207214355469,99.621826171875
4,48,93.63207244873047,100.38148498535156
4,48,103.93710327148438,111.1124267578125
4,48,96.77835083007812,105.3398666381836
4,48,110.77820587158203,118.13336944580078
4,48,101.74628448486328,109.07889556884766
4,48,95.3801498413086,100.71195983886719
4,48,82.2901382446289,90.60636901855469
25,83,115.7115707397461,127.31598663330078
25,83,118.52976989746094,130.7167510986328
25,83,101.88262176513672,108.4173812866211
25,83,105.30911254882812,117.73226928710938
25,83,107.84934997558594,128.56918334960938
25,83,117.42074584960938,137.78797912597656
25,83,72.69119262695312,100.60364532470703
25,83,88.72555541992188,95.8633041381836
25,83,113.09516906738281,122.1781997680664
25,83,88.16122436523438,95.08047485351562
25,83,97.10282135009766,101.91365814208984
25,83,101.6986312866211,116.50757598876953
25,83,105.648193359375,112.0699234008789
25,83,96.9087142944336,107.05422973632812
8,30,92.80134582519531,102.29965209960938
8,30,68.90892028808594,80.66390228271484
8,30,88.4144515991211,94.73284149169922
8,30,87.58536529541016,93.8088607788086
8,30,89.43090057373047,95.37421417236328
8,30,83.30867767333984,90.64112091064453
8,30,88.0173110961914,94.40132904052734
8,30,105.5465087890625,118.12104034423828
8,30,88.44789123535156,95.41798400878906
8,30,89.00084686279297,95.35843658447266
8,30,99.7704086303711,109.89460754394531
8,30,82.03401947021484,87.55509185791016
8,30,85.05290222167969,90.78890991210938
8,30,70.83444213867188,85.34871673583984
25,15,80.04403686523438,85.28670501708984
25,15,80.92485809326172,88.88927459716797
25,15,100.41816711425781,111.1244888305664
25,15,102.19933319091797,112.56788635253906
25,15,98.96076965332031,108.44376373291016
25,15,79.81656646728516,86.93733978271484
25,15,79.10122680664062,87.53142547607422
25,15,101.47718048095703,114.05397033691406
25,15,103.648193359375,114.60017395019531
25,15,75.353515625,83.06363677978516
25,15,87.80123901367188,96.01456451416016
25,15,78.64977264404297,84.57770538330078
25,15,91.07161712646484,97.9288330078125
25,15,92.10233306884766,101.79200744628906
25,48,72.38139343261719,84.04578399658203
25,48,71.60682678222656,84.51377868652344
25,48,102.68885803222656,120.71204376220703
25,48,99.30781555175781,111.01799011230469
25,48,70.73139953613281,81.70057678222656
25,48,65.68429565429688,80.5445785522461
25,48,71.98464965820312,83.98832702636719
25,48,99.6988525390625,107.81619262695312
25,48,82.3228988647461,110.60640716552734
25,48,68.12874603271484,79.7850112915039
25,48,76.3292007446289,82.46621704101562
25,48,91.53914642333984,100.7660140991211
25,48,73.00463104248047,85.50869750976562
25,48,65.91032409667969,81.10543060302734
8,35,87.04523468017578,94.97016906738281
8,35,92.34355926513672,100.9627685546875
8,35,93.84435272216797,100.88644409179688
8,35,104.63844299316406,114.54338836669922
8,35,88.92283630371094,95.9959487915039
8,35,87.9668960571289,95.74577331542969
8,35,59.36042785644531,67.85799407958984
8,35,85.35492706298828,97.18081665039062
8,35,115.44181060791016,130.3904571533203
8,35,83.55455017089844,90.9384536743164
8,35,93.8741455078125,101.35192108154297
8,35,97.49565124511719,105.30563354492188
8,35,89.5362548828125,96.81523895263672
8,35,90.8859634399414,98.40838623046875
24,7,90.59980010986328,97.6402587890625
24,7,86.66626739501953,92.2123794555664
24,7,104.82147979736328,112.51956939697266
24,7,93.0147933959961,98.0540771484375
24,7,73.88412475585938,83.34626007080078
24,7,78.69718933105469,86.24007415771484
24,7,80.08497619628906,86.02378845214844
24,7,86.79593658447266,92.41825103759766
24,7,93.4494400024414,99.57816314697266
24,7,82.49467468261719,88.39981079101562
24,7,107.30902862548828,125.72164916992188
24,7,93.01345825195312,100.3203353881836
24,7,74.3727035522461,83.79499816894531
24,7,84.95768737792969,113.04570007324219
24,3,103.38456726074219,111.87944793701172
24,3,79.36329650878906,88.4917984008789
24,3,84.48636627197266,92.25202941894531
24,3,91.90697479248047,99.3666000366211
24,3,97.19981384277344,103.22317504882812
24,3,95.46875,104.39484405517578
24,3,97.11878204345703,105.46210479736328
24,3,93.89972686767578,101.9132080078125
24,3,90.67756652832031,98.24943542480469
24,3,98.50330352783203,104.84266662597656
24,3,95.86775207519531,104.08149719238281
24,3,102.61782836914062,111.23481750488281
24,3,98.18354034423828,106.75514221191406
24,3,77.97069549560547,83.4090576171875
18,15,88.07437133789062,95.3959732055664
18,15,82.80213165283203,88.7846908569336
18,15,82.7811050415039,90.13932800292969
18,15,85.3181381225586,91.0163345336914
18,15,82.92691802978516,88.72396850585938
18,15,77.54972839355469,84.3427734375
18,15,87.08799743652344,93.79988098144531
18,15,77.77335357666016,85.82854461669922
18,15,83.12723541259766,88.89755249023438
18,15,77.83328247070312,82.53740692138672
14,3,100.22944641113281,105.38187408447266
14,3,112.86457061767578,121.614990234375
14,3,94.55399322509766,98.69744110107422
14,3,90.88790130615234,94.84445190429688
14,3,107.6893539428711,116.12398529052734
14,3,92.595703125,98.88469696044922
14,3,101.85993194580078,107.62916564941406
14,3,101.50263977050781,108.85450744628906
14,3,85.94312286376953,94.78665161132812
14,3,86.9460678100586,93.85186004638672
14,3,100.99644470214844,109.30888366699219
14,3,94.38343048095703,102.58173370361328
14,3,89.5905990600586,94.8568344116211
14,3,96.23587799072266,100.3633804321289
18,84,98.56315612792969,112.7917251586914
18,84,86.0488052368164,93.5774154663086
18,84,95.0420913696289,104.84652709960938
18,84,80.78627014160156,87.50225830078125
18,84,82.8607406616211,88.21984100341797
18,84,52.107505798339844,58.34025955200195
18,84,83.296142578125,88.63047790527344
18,84,78.8165283203125,87.44113159179688
18,84,79.3482666015625,82.76763916015625
18,84,86.16111755371094,94.43162536621094
18,59,82.5071029663086,87.9278564453125
18,59,92.7126693725586,100.20097351074219
18,59,89.45020294189453,95.77937316894531
18,59,73.9015884399414,80.05699920654297
18,59,76.50389099121094,80.88790893554688
18,59,90.40125274658203,98.0762710571289
18,59,85.04047393798828,89.52558135986328
18,59,95.17965698242188,101.48652648925781
18,59,85.80947875976562,91.53468322753906
18,59,90.64378356933594,96.8746337890625
18,35,64.16082000732422,75.89883422851562
18,35,85.93954467773438,96.20856475830078
18,35,67.13459777832031,72.92749786376953
18,35,81.43754577636719,89.7670669555664
18,35,85.17724609375,93.02069091796875
18,35,76.39734649658203,87.19873046875
18,35,65.0796890258789,81.49636840820312
18,35,69.77527618408203,80.6552505493164
18,35,78.86432647705078,87.61885833740234
18,35,69.57499694824219,77.22602844238281
18,35,95.80229187011719,101.16886901855469
18,35,63.78120803833008,76.47042083740234
18,35,94.26290130615234,101.97172546386719
18,35,71.56737518310547,81.51130676269531
14,55,88.71835327148438,96.84652709960938
14,55,90.14494323730469,97.56657409667969
14,55,90.6142578125,97.91619110107422
14,55,100.92427825927734,110.69192504882812
14,55,88.79371643066406,96.89521026611328
14,55,90.03441619873047,97.3917465209961
14,55,89.81609344482422,97.15997314453125
14,55,87.28250885009766,92.35101318359375
14,55,90.33883666992188,97.86902618408203
14,55,90.53842163085938,98.2022933959961
14,55,93.21163940429688,100.02320861816406
14,55,88.86659240722656,97.18421936035156
14,55,90.41372680664062,96.54966735839844
14,55,96.78215789794922,104.57905578613281
4,45,91.32227325439453,97.70640563964844
4,45,83.3980712890625,90.24256896972656
4,45,83.58695220947266,89.18032836914062
4,45,87.24342346191406,94.10449981689453
4,45,89.00176239013672,94.36975860595703
4,45,89.38407897949219,95.67442321777344
4,45,76.50186920166016,84.71179962158203
4,45,84.41835021972656,90.06621551513672
4,45,98.1083755493164,105.4625015258789
4,45,87.27033996582031,94.41458892822266
4,45,82.65266418457031,88.70882415771484
4,45,79.51365661621094,85.26222229003906
4,45,84.5200424194336,90.26090240478516
4,45,88.8863525390625,95.61414337158203
18,44,100.76595306396484,106.53048706054688
18,44,91.97539520263672,95.87494659423828
18,44,94.936767578125,98.92097473144531
18,44,87.59687042236328,91.24542236328125
18,44,82.8696517944336,89.23529052734375
18,44,98.99396514892578,103.72016906738281
18,44,86.3861312866211,91.56961059570312
18,44,100.29736328125,104.55653381347656
18,44,101.76831817626953,107.71688079833984
18,44,101.4945297241211,109.78986358642578
18,44,93.7536849975586,97.80058288574219
18,44,96.673095703125,104.71196746826172
18,44,100.98125457763672,105.29474639892578
18,44,94.48361206054688,98.46469116210938
8,23,73.04411315917969,83.32804107666016
8,23,82.25444030761719,91.34564208984375
8,23,94.71772766113281,101.9542465209961
8,23,79.20143127441406,89.63045501708984
8,23,77.39716339111328,87.53614807128906
8,23,82.09539031982422,91.62787628173828
8,23,88.1781005859375,92.329833984375
8,23,105.08543395996094,112.51979064941406
8,23,92.42243957519531,99.9893798828125
8,23,93.01332092285156,96.68030548095703
8,23,99.57079315185547,106.50244903564453
8,23,96.64582824707031,102.57796478271484
8,23,76.05586242675781,87.24785614013672
8,23,91.62950897216797,100.61044311523438
8,26,79.86930847167969,88.10395050048828
8,26,86.02922058105469,91.60148620605469
8,26,84.7777328491211,91.13785552978516
8,26,80.07158660888672,86.7196044921875
8,26,89.4400634765625,98.4658432006836
8,26,85.50846862792969,91.45637512207031
8,26,88.99009704589844,96.10435485839844
8,26,91.09895324707031,97.57505798339844
8,26,82.51322937011719,90.8650894165039
8,26,95.07887268066406,103.05184173583984
8,26,82.54790496826172,91.63792419433594
8,26,92.41027069091797,99.43444061279297
8,26,85.5574722290039,93.05075073242188
8,26,105.48475646972656,115.6854476928711
4,49,96.5635986328125,102.73357391357422
4,49,78.84558868408203,84.9863510131836
4,49,96.3576431274414,101.84074401855469
4,49,69.9299087524414,75.16095733642578
4,49,111.0427017211914,121.92964172363281
4,49,91.3760986328125,97.8233413696289
4,49,67.64718627929688,72.61384582519531
4,49,96.67720794677734,101.76990509033203
4,49,96.04827117919922,102.64372253417969
4,49,106.69934844970703,124.52588653564453
4,49,90.39871215820312,96.47795867919922
4,49,96.17806243896484,117.29203033447266
4,49,92.0713119506836,97.45651245117188
4,49,104.26970672607422,114.40227508544922
8,4,77.43566131591797,87.8604965209961
8,4,61.605045318603516,72.02592468261719
8,4,80.54393768310547,90.4452133178711
8,4,92.15126037597656,97.63150787353516
8,4,98.20775604248047,108.6522216796875
8,4,74.17591857910156,80.0989761352539
8,4,69.80183410644531,77.75884246826172
8,4,73.59268951416016,82.06322479248047
8,4,75.4186782836914,82.57166290283203
8,4,76.95458221435547,85.57427978515625
8,4,91.2161636352539,99.33776092529297
8,4,78.07551574707031,85.54710388183594
8,4,63.02684783935547,71.72216796875
8,4,73.49117279052734,80.3787841796875
18,23,61.82487869262695,73.24943542480469
18,23,69.99284362792969,83.54563903808594
18,23,76.63662719726562,87.88230895996094
18,23,78.24104309082031,86.47917938232422
18,23,69.05448913574219,82.7453842163086
18,23,68.34761047363281,84.76194763183594
18,23,80.17317199707031,90.78231048583984
18,23,60.85533905029297,82.24899291992188
18,23,94.31519317626953,98.95658111572266
18,23,88.1343002319336,92.63301849365234
18,53,88.41567993164062,104.36542510986328
18,53,79.69988250732422,89.35255432128906
18,53,85.42647552490234,95.1028823852539
18,53,78.38705444335938,92.9261703491211
18,53,72.3450698852539,91.63382720947266
18,53,72.29834747314453,84.00138854980469
18,53,87.3480224609375,98.80428314208984
18,53,91.2113037109375,103.99871063232422
18,53,73.83386993408203,79.09590148925781
18,53,74.69575500488281,89.00822448730469
24,15,83.75608825683594,91.68444061279297
24,15,88.14717864990234,96.90951538085938
24,15,88.17485046386719,94.70613098144531
24,15,89.70836639404297,97.87828063964844
24,15,93.79308319091797,104.59916687011719
24,15,76.4848861694336,86.05272674560547
24,15,83.75489807128906,92.36707305908203
24,15,81.3273696899414,95.04029083251953
24,15,77.86522674560547,88.01758575439453
24,15,82.09217834472656,92.8212661743164
24,15,87.5495834350586,100.17127990722656
24,15,79.72264862060547,86.45768737792969
24,15,94.57254028320312,107.2238540649414
24,15,70.88318634033203,82.68441772460938
14,15,83.24691009521484,90.4537582397461
14,15,76.1815185546875,84.55291748046875
14,15,80.0599136352539,87.6686019897461
14,15,79.27896881103516,87.26214599609375
14,15,80.53357696533203,87.26817321777344
14,15,79.24309539794922,86.870361328125
14,15,82.25611114501953,88.99134063720703
14,15,86.98741912841797,96.09660339355469
14,15,85.49539184570312,93.23800659179688
14,15,80.99925231933594,88.0318603515625
14,15,78.2638931274414,85.89266204833984
14,15,77.19257354736328,84.61735534667969
14,15,77.22392272949219,83.28028869628906
14,15,82.21544647216797,89.82123565673828
4,7,93.95201873779297,103.64013671875
4,7,80.39224243164062,89.14933776855469
4,7,88.41426086425781,98.48797607421875
4,7,80.6982192993164,89.64653015136719
4,7,85.09061431884766,92.31562805175781
4,7,84.62020874023438,95.23384857177734
4,7,85.02915954589844,93.86347961425781
4,7,77.48844146728516,86.38877868652344
4,7,78.3997802734375,88.96685791015625
4,7,88.09130096435547,95.48600769042969
4,7,82.47764587402344,91.66001892089844
4,7,83.2890396118164,93.59870147705078
4,7,74.91791534423828,83.5963134765625
4,7,84.27212524414062,92.93820190429688
24,22,88.58663940429688,93.8415298461914
24,22,89.3212661743164,95.1435317993164
24,22,86.92094421386719,94.01286315917969
24,22,89.7045669555664,94.73394012451172
24,22,89.96295928955078,94.9741439819336
24,22,99.72810363769531,107.64619445800781
24,22,91.55840301513672,97.14855194091797
24,22,91.70722198486328,97.41622161865234
24,22,90.2490005493164,95.57540893554688
24,22,88.11002349853516,93.10993194580078
24,22,89.2987289428711,95.38710021972656
24,22,90.23762512207031,96.2887954711914
24,22,86.0811767578125,91.20623779296875
24,22,95.10403442382812,101.25701904296875
24,45,107.68856048583984,113.31647491455078
24,45,87.71646118164062,93.47807312011719
24,45,83.31696319580078,94.66744232177734
24,45,85.71855163574219,94.95404815673828
24,45,83.09745788574219,94.41352081298828
24,45,106.63152313232422,111.59625244140625
24,45,81.29586791992188,86.91107940673828
24,45,106.50138854980469,119.97918701171875
24,45,82.88365936279297,94.16694641113281
24,45,80.53646087646484,90.87657165527344
24,45,87.98837280273438,93.25106048583984
24,45,77.80329895019531,86.99691772460938
24,45,87.73540496826172,92.87622833251953
24,45,82.59933471679688,93.90289306640625
14,53,84.79966735839844,95.00474548339844
14,53,96.80074310302734,105.88465118408203
14,53,73.87299346923828,88.09857940673828
14,53,75.12535858154297,85.22216796875
14,53,89.511962890625,99.28471374511719
14,53,76.78311157226562,84.9411392211914
14,53,77.61770629882812,82.07456970214844
14,53,83.98303985595703,92.79594421386719
14,53,77.4809341430664,85.23218536376953
14,53,77.33198547363281,84.99102020263672
14,53,72.75899505615234,80.53227233886719
14,53,79.78409576416016,88.31909942626953
14,53,67.8304672241211,74.03933715820312
14,53,77.18433380126953,84.92274475097656
25,23,94.48039245605469,101.4251480102539
25,23,100.7413558959961,130.2596893310547
25,23,89.25045013427734,97.70792388916016
25,23,70.28705596923828,83.62527465820312
25,23,68.04994201660156,82.05884552001953
25,23,67.77922821044922,81.4995346069336
25,23,73.75279235839844,87.74772644042969
25,23,76.4192123413086,88.33847045898438
25,23,107.7335433959961,120.65335845947266
25,23,102.62786102294922,116.0804214477539
25,23,72.90589904785156,88.24176025390625
25,23,106.54975891113281,120.0089111328125
25,23,104.44599151611328,111.04122161865234
25,23,89.88098907470703,93.59840393066406
8,21,92.51589965820312,96.78594207763672
8,21,93.56956481933594,97.7767105102539
8,21,90.18275451660156,95.29943084716797
8,21,90.8487319946289,95.18785095214844
8,21,90.12242126464844,94.62947082519531
8,21,90.36869812011719,94.70404052734375
8,21,93.20354461669922,97.31731414794922
8,21,92.8849105834961,97.15469360351562
8,21,92.26789093017578,96.55718994140625
8,21,92.43018341064453,96.99296569824219
8,21,85.09953308105469,90.24332427978516
8,21,84.01602172851562,89.21949005126953
8,21,93.28568267822266,97.52717590332031
8,21,96.91321563720703,102.28199768066406
14,30,90.10537719726562,96.03032684326172
14,30,90.29850006103516,95.91435241699219
14,30,87.07194519042969,92.61288452148438
14,30,87.73624420166016,93.09754943847656
14,30,74.34998321533203,78.52010345458984
14,30,87.7043685913086,93.44331359863281
14,30,88.95701599121094,94.52519226074219
14,30,90.62393951416016,96.03173065185547
14,30,87.73455047607422,93.33518981933594
14,30,87.60542297363281,92.44566345214844
14,30,80.64124298095703,84.90086364746094
14,30,89.33670043945312,94.66374206542969
14,30,88.80878448486328,94.4542465209961
14,30,85.09834289550781,90.26557159423828
4,3,91.16886138916016,96.18255615234375
4,3,91.10543823242188,96.89724731445312
4,3,91.08152770996094,97.21473693847656
4,3,95.22025299072266,101.75672149658203
4,3,81.05261993408203,85.19876098632812
4,3,101.51860809326172,108.7173080444336
4,3,101.71875762939453,107.89652252197266
4,3,91.26021575927734,98.1297607421875
4,3,94.00418853759766,100.72251892089844
4,3,93.4160385131836,99.63713836669922
4,3,83.26924133300781,87.65166473388672
4,3,88.05774688720703,94.35643005371094
4,3,97.94011688232422,103.0959243774414
4,3,92.90325164794922,99.31088256835938
14,47,105.05095672607422,112.49192810058594
14,47,103.87833404541016,111.19269561767578
14,47,104.96630096435547,112.40076446533203
14,47,101.62325286865234,106.6608657836914
14,47,115.31227111816406,121.17537689208984
14,47,105.00724792480469,112.48639678955078
14,47,104.87985229492188,114.73296356201172
14,47,104.05680084228516,111.21450805664062
14,47,110.79096984863281,117.69430541992188
14,47,109.0040054321289,114.84754943847656
14,47,103.28439331054688,110.70235443115234
14,47,104.83290100097656,108.4522476196289
14,47,104.78137969970703,112.18383026123047
14,47,104.914306640625,112.35369110107422
18,47,90.73562622070312,98.47905731201172
18,47,90.35853576660156,97.96613311767578
18,47,85.88251495361328,92.57665252685547
18,47,91.76663970947266,99.49437713623047
18,47,96.1906967163086,104.44011688232422
18,47,90.67341613769531,97.888916015625
18,47,88.82904815673828,94.10347747802734
18,47,81.27738189697266,86.7354965209961
18,47,92.39827728271484,99.3796615600586
18,47,90.1795654296875,97.4815673828125
4,23,67.70085144042969,89.86822509765625
4,23,124.8610610961914,138.16024780273438
4,23,90.53739929199219,103.94557189941406
4,23,97.36878204345703,101.38348388671875
4,23,78.78519439697266,94.69224548339844
4,23,82.65791320800781,92.13334655761719
4,23,67.71587371826172,88.9525146484375
4,23,83.08903503417969,122.82833099365234
4,23,71.6940689086914,83.16605377197266
4,23,118.75296020507812,127.42704772949219
4,23,109.15393829345703,143.70106506347656
4,23,75.34220886230469,82.95426177978516
4,23,110.16380310058594,118.9133529663086
4,23,78.73501586914062,87.31011962890625
14,22,93.08985137939453,98.8931655883789
14,22,90.92433166503906,97.18449401855469
14,22,88.96660614013672,93.47515106201172
14,22,94.68946075439453,100.62226104736328
14,22,89.63097381591797,95.37105560302734
14,22,92.74457550048828,99.4168930053711
14,22,89.9303970336914,95.49179077148438
14,22,89.56011199951172,94.15106964111328
14,22,90.5524673461914,95.94696044921875
14,22,91.88066101074219,96.04273223876953
14,22,88.20738983154297,93.03224182128906
14,22,85.59087371826172,91.66542053222656
14,22,92.93000030517578,98.65666961669922
14,22,90.80874633789062,96.13003540039062
25,21,70.80172729492188,85.46609497070312
25,21,68.45594787597656,83.81187438964844
25,21,92.32356262207031,96.88858032226562
25,21,92.79734802246094,97.3685073852539
25,21,93.31596374511719,103.30799102783203
25,21,71.50464630126953,81.48487854003906
25,21,92.62934875488281,97.19410705566406
25,21,92.08486938476562,96.65400695800781
25,21,92.67781066894531,97.22836303710938
25,21,93.47466278076172,98.00749969482422
25,21,93.67805480957031,98.13277435302734
25,21,92.964111328125,97.54369354248047
25,21,92.46344757080078,97.03963470458984
25,21,93.1103286743164,97.67350769042969
4,26,85.33707427978516,93.43756866455078
4,26,78.68948364257812,84.81269836425781
4,26,89.05054473876953,95.89057922363281
4,26,81.03913879394531,86.97288513183594
4,26,83.99571990966797,90.11568450927734
4,26,84.98196411132812,91.32987213134766
4,26,84.57775115966797,90.54850769042969
4,26,98.95325469970703,110.4385986328125
4,26,81.25776672363281,87.04926300048828
4,26,82.55196380615234,88.41986846923828
4,26,82.2926254272461,88.08110809326172
4,26,84.25077056884766,90.1946792602539
4,26,82.7942123413086,89.12713623046875
4,26,77.94454956054688,83.17282104492188
18,48,85.97013854980469,92.9388656616211
18,48,94.06945037841797,98.60881805419922
18,48,87.08065032958984,92.50717163085938
18,48,61.50107955932617,72.90751647949219
18,48,84.85926055908203,92.52862548828125
18,48,90.46351623535156,95.675537109375
18,48,96.32373046875,102.47417449951172
18,48,93.90208435058594,99.17527770996094
18,48,90.375,95.24727630615234
18,48,93.97090148925781,100.28731536865234
18,48,95.29804229736328,101.38839721679688
18,48,109.60440063476562,117.15455627441406
18,48,86.96798706054688,92.64080047607422
18,48,78.95188903808594,91.15924835205078
8,53,84.93333435058594,93.68675231933594
8,53,88.47864532470703,96.35896301269531
8,53,84.99690246582031,95.5339126586914
8,53,84.91555786132812,92.58287811279297
8,53,96.65930938720703,111.38651275634766
8,53,82.0526351928711,93.42288208007812
8,53,82.77088928222656,91.35791778564453
8,53,86.56282806396484,95.64926147460938
8,53,89.57337951660156,98.27599334716797
8,53,95.33700561523438,104.39049530029297
8,53,109.06172180175781,118.73529815673828
8,53,87.40296936035156,98.226318359375
8,53,78.46031188964844,88.62388610839844
8,53,83.51624298095703,90.19253540039062
25,44,101.12433624267578,105.66157531738281
25,44,95.51456451416016,99.26152038574219
25,44,102.69233703613281,107.46271514892578
25,44,109.99635314941406,122.43070220947266
25,44,97.61531829833984,101.8253173828125
25,44,99.0086898803711,104.09249114990234
25,44,99.38493347167969,103.9793472290039
25,44,100.92266082763672,105.80841827392578
25,44,107.63971710205078,113.89605712890625
25,44,102.98793029785156,108.30142211914062
25,44,100.64897918701172,107.03826904296875
25,44,91.75572967529297,95.24352264404297
25,44,94.64253997802734,101.1434555053711
25,44,97.22289276123047,102.04280853271484
8,48,93.38257598876953,98.24910736083984
8,48,91.40404510498047,97.8287124633789
8,48,90.5389404296875,96.76534271240234
8,48,94.38715362548828,100.96819305419922
8,48,94.21534729003906,100.2964096069336
8,48,91.15787506103516,97.02117919921875
8,48,92.04873657226562,97.38805389404297
8,48,83.86567687988281,101.43228912353516
8,48,87.60057067871094,96.07070922851562
8,48,91.7912826538086,98.1805648803711
8,48,97.66658020019531,103.56977081298828
8,48,90.72374725341797,97.26718139648438
8,48,106.11663055419922,119.39550018310547
8,48,96.6495132446289,104.0679931640625
8,44,92.01435089111328,96.74797821044922
8,44,91.2597885131836,95.26081848144531
8,44,95.0727310180664,100.48002624511719
8,44,97.43539428710938,103.9432601928711
8,44,94.63661193847656,100.20679473876953
8,44,98.23055267333984,102.92263793945312
8,44,97.85657501220703,103.53150177001953
8,44,96.3462142944336,101.79363250732422
8,44,96.73176574707031,102.17033386230469
8,44,96.1218032836914,101.10355377197266
8,44,99.17333984375,105.04002380371094
8,44,97.97554779052734,103.6539535522461
8,44,96.22373962402344,102.00801849365234
8,44,92.80778503417969,97.75464630126953
18,45,86.84882354736328,91.58186340332031
18,45,75.17259979248047,81.92311096191406
18,45,77.35413360595703,84.58341217041016
18,45,79.53337097167969,85.84351348876953
18,45,86.77223205566406,91.3744125366211
18,45,81.32327270507812,88.971923828125
18,45,83.84990692138672,88.8823013305664
18,45,80.56378936767578,85.30986785888672
18,45,61.76179504394531,67.58497619628906
18,45,85.00790405273438,89.33683013916016
24,83,103.18514251708984,109.1492691040039
24,83,85.6807632446289,90.50467681884766
24,83,105.80061340332031,113.99908447265625
24,83,102.64277648925781,111.01141357421875
24,83,98.77921295166016,104.4520034790039
24,83,94.5199966430664,100.7064208984375
24,83,92.74089050292969,99.69178009033203
24,83,99.24717712402344,104.60124969482422
24,83,93.05552673339844,98.12801361083984
24,83,93.62301635742188,98.17011260986328
24,83,91.67235565185547,96.86426544189453
24,83,98.55860137939453,103.87513732910156
24,83,94.89807891845703,99.68408966064453
24,83,108.01795196533203,116.7998275756836
25,47,86.47542572021484,99.42277526855469
25,47,107.68537902832031,119.83549499511719
25,47,86.63191986083984,96.81024169921875
25,47,89.3698501586914,96.37957000732422
25,47,89.65940856933594,108.53063201904297
25,47,100.00016021728516,122.59272003173828
25,47,89.42410278320312,99.49703216552734
25,47,83.17591094970703,90.6192398071289
25,47,86.25685119628906,93.06217956542969
25,47,88.45948791503906,95.40336608886719
25,47,87.68253326416016,94.56710052490234
25,47,104.00702667236328,117.24987030029297
25,47,81.25489807128906,88.08370971679688
25,47,90.13521575927734,97.14583587646484
24,30,87.34408569335938,93.80143737792969
24,30,84.73979187011719,91.48931884765625
24,30,80.36843872070312,87.25080108642578
24,30,79.94584655761719,86.36833190917969
24,30,84.65392303466797,91.10804748535156
24,30,80.56242370605469,86.68109130859375
24,30,88.25304412841797,94.04351043701172
24,30,78.38685607910156,85.86199951171875
24,30,78.71908569335938,85.61488342285156
24,30,77.13373565673828,84.31427764892578
24,30,82.1125717163086,89.01972198486328
24,30,87.41014862060547,93.68115234375
24,30,91.80711364746094,98.97203826904297
24,30,87.13724517822266,93.89884948730469
14,84,77.95542907714844,82.33920288085938
14,84,79.90599822998047,83.84671783447266
14,84,77.33486938476562,81.6823501586914
14,84,80.08104705810547,84.17427062988281
14,84,77.65760803222656,82.01211547851562
14,84,78.06221008300781,82.48017120361328
14,84,82.90328216552734,86.79995727539062
14,84,80.22114562988281,84.13629913330078
14,84,82.54598236083984,87.96776580810547
14,84,79.53831481933594,83.50492858886719
14,84,75.2951889038086,83.48784637451172
14,84,79.26062774658203,83.5439682006836
14,84,80.12879180908203,84.07534790039062
14,84,82.8466796875,87.10198974609375
24,48,98.6646499633789,104.39603424072266
24,48,74.9144287109375,85.11476135253906
24,48,96.49266815185547,102.73075866699219
24,48,99.28154754638672,107.48577880859375
24,48,102.05233001708984,108.97096252441406
24,48,97.45124816894531,103.90802764892578
24,48,83.90641784667969,94.09688568115234
24,48,97.56092071533203,103.8200912475586
24,48,99.90554809570312,105.83792114257812
24,48,100.5788803100586,106.70818328857422
24,48,93.6373519897461,100.60578918457031
24,48,102.14810180664062,107.52600860595703
24,48,104.7161865234375,118.92320251464844
24,48,94.59746551513672,100.23635864257812
14,44,95.81442260742188,101.28701782226562
14,44,96.68407440185547,103.21407318115234
14,44,99.037353515625,104.84232330322266
14,44,96.7361831665039,102.78695678710938
14,44,94.9243392944336,100.56654357910156
14,44,89.91161346435547,94.15753936767578
14,44,101.62403106689453,108.5073471069336
14,44,91.19905090332031,96.04901123046875
14,44,101.16443634033203,108.16766357421875
14,44,100.0168685913086,105.09309387207031
14,44,93.64602661132812,98.78279113769531
14,44,102.02450561523438,114.29443359375
14,44,94.8544921875,99.71792602539062
14,44,98.4261474609375,103.53868865966797
18,3,82.8233642578125,87.79244232177734
18,3,95.83448791503906,118.49584197998047
18,3,96.6634521484375,142.0319061279297
18,3,91.67264556884766,95.62295532226562
18,3,84.6043701171875,106.83221435546875
18,3,86.75737762451172,91.06434631347656
18,3,104.64094543457031,129.95472717285156
18,3,85.26826477050781,90.2688980102539
18,3,103.03414916992188,118.75499725341797
18,3,74.13683319091797,79.98152923583984
18,60,85.95209503173828,92.06109619140625
18,60,103.26803588867188,112.44539642333984
18,60,83.64324188232422,88.52153015136719
18,60,84.56586456298828,89.84979248046875
18,60,82.62077331542969,88.38093566894531
18,60,79.71492767333984,87.29998779296875
18,60,85.4715805053711,90.34150695800781
18,60,85.16918182373047,91.03398132324219
18,60,75.57406616210938,83.83184051513672
18,60,86.08797454833984,92.05180358886719
4,4,106.18318939208984,129.5957489013672
4,4,79.163818359375,87.36567687988281
4,4,77.9912338256836,85.57954406738281
4,4,78.11121368408203,89.30457305908203
4,4,101.4932861328125,108.03679656982422
4,4,99.55481719970703,115.34900665283203
4,4,81.97038269042969,90.40151977539062
4,4,75.66771697998047,83.7221908569336
4,4,78.8095932006836,87.4449234008789
4,4,96.20609283447266,102.2149887084961
4,4,77.0579833984375,85.8293228149414
4,4,75.43160247802734,83.68488311767578
4,4,89.85504913330078,93.79859924316406
4,4,73.77474212646484,81.81478881835938
18,55,89.31083679199219,98.69461822509766
18,55,79.34554290771484,89.90055847167969
18,55,79.77607727050781,90.25776672363281
18,55,73.12859344482422,83.04745483398438
18,55,89.67884826660156,96.79788970947266
18,55,104.18850708007812,112.54314422607422
18,55,69.88175201416016,81.23995208740234
18,55,88.9931869506836,97.2785415649414
18,55,74.79361724853516,85.28244018554688
18,55,73.18305969238281,83.5926742553711
25,53,98.36223602294922,108.65093994140625
25,53,73.03791046142578,90.8155288696289
25,53,71.9500961303711,88.37696075439453
25,53,75.90115356445312,90.66571044921875
25,53,84.03020477294922,90.16619873046875
25,53,71.8438949584961,78.8128890991211
25,53,68.73452758789062,94.625732421875
25,53,68.3767318725586,75.1661376953125
25,53,74.42949676513672,89.11859130859375
25,53,73.22001647949219,88.72721099853516
25,53,76.80995178222656,86.90843200683594
25,53,73.17662048339844,88.66606140136719
25,53,71.99883270263672,92.72290802001953
25,53,69.0716781616211,93.28404235839844
14,7,87.10477447509766,93.9228744506836
14,7,88.23056030273438,92.91112518310547
14,7,86.27920532226562,94.462158203125
14,7,81.8680191040039,86.74385833740234
14,7,85.64256286621094,90.09644317626953
14,7,79.24158477783203,86.68401336669922
14,7,86.5809555053711,90.4319076538086
14,7,80.9898681640625,87.04544067382812
14,7,101.13493347167969,107.44496154785156
14,7,72.4540023803711,77.13282775878906
14,7,78.84290313720703,84.83906555175781
14,7,78.59525299072266,86.17918395996094
14,7,77.31913757324219,87.43248748779297
14,7,87.52287292480469,92.98636627197266
25,3,67.44007873535156,85.45284271240234
25,3,102.1517562866211,114.53672790527344
25,3,111.28416442871094,118.32376861572266
25,3,109.07328033447266,116.04033660888672
25,3,93.87010192871094,97.54999542236328
25,3,90.60610961914062,134.7608184814453
25,3,89.02638244628906,94.6781997680664
25,3,79.0587387084961,88.51113891601562
25,3,91.32621765136719,106.86009979248047
25,3,106.53670501708984,113.56180572509766
25,3,70.37466430664062,83.20724487304688
25,3,96.0401382446289,114.7392349243164
25,3,92.51911926269531,149.41903686523438
25,3,104.77632141113281,127.68360900878906
24,26,72.40951538085938,83.45729064941406
24,26,102.25679016113281,108.47573852539062
24,26,92.50109100341797,96.79361724853516
24,26,100.01032257080078,106.00013732910156
24,26,88.48788452148438,97.9864501953125
24,26,69.51659393310547,77.79960632324219
24,26,69.54843139648438,75.44075012207031
24,26,76.96751403808594,87.18473052978516
24,26,96.64794158935547,104.5597152709961
24,26,89.35118865966797,94.98295593261719
24,26,104.32947540283203,120.1551513671875
24,26,90.32743835449219,94.19119262695312
24,26,96.42928314208984,102.03743743896484
24,26,95.08527374267578,99.52354431152344
18,30,93.46310424804688,97.58104705810547
18,30,99.33585357666016,105.62155151367188
18,30,100.06669616699219,105.69083404541016
18,30,99.85846710205078,104.6798095703125
18,30,100.85504913330078,106.41341400146484
18,30,98.05546569824219,102.94710540771484
18,30,95.7950668334961,101.84636688232422
18,30,102.54208374023438,108.11433410644531
18,30,99.27550506591797,104.32990264892578
18,30,99.29942321777344,104.21894836425781
25,22,102.99443054199219,111.75679016113281
25,22,91.45457458496094,96.53386688232422
25,22,105.56407165527344,116.98893737792969
25,22,94.2755126953125,99.31108856201172
25,22,92.11962127685547,97.42633056640625
25,22,99.11092376708984,106.36542510986328
25,22,103.91339874267578,110.57952117919922
25,22,92.62010955810547,97.98365020751953
25,22,93.5615005493164,98.70291137695312
25,22,90.78540802001953,96.03076171875
25,22,113.44062042236328,120.04893493652344
25,22,90.61731719970703,95.62548828125
25,22,91.10026550292969,96.20714569091797
25,22,95.09281158447266,100.39412689208984
24,44,99.3515396118164,103.2296142578125
24,44,95.73426055908203,99.65288543701172
24,44,95.46747589111328,99.77281188964844
24,44,99.94398498535156,105.88037109375
24,44,97.26691436767578,102.0667724609375
24,44,100.43838500976562,105.87139129638672
24,44,96.06855010986328,99.81124877929688
24,44,101.77552032470703,107.40510559082031
24,44,104.58350372314453,109.64813232421875
24,44,100.03895568847656,105.77570343017578
24,44,94.60150909423828,98.53775024414062
24,44,100.76472473144531,106.0605239868164
24,44,102.26850891113281,113.38790893554688
24,44,79.56857299804688,85.41647338867188
18,26,91.34367370605469,102.78485107421875
18,26,83.70701599121094,95.33688354492188
18,26,69.50837707519531,78.97438049316406
18,26,88.0892333984375,98.2839126586914
18,26,89.6635971069336,96.61033630371094
18,26,98.74284362792969,110.59294128417969
18,26,91.02014923095703,107.98817443847656
18,26,82.69684600830078,90.56466674804688
18,26,94.553955078125,108.15615844726562
18,26,67.71308898925781,72.85151672363281
18,4,92.78498840332031,97.51778411865234
18,4,84.14220428466797,89.81767272949219
18,4,84.49333190917969,90.01411437988281
18,4,93.77156066894531,98.74835205078125
18,4,96.060302734375,101.13898468017578
18,4,92.41806030273438,97.0934829711914
18,4,79.32154083251953,86.17118835449219
18,4,101.17445373535156,107.32456970214844
18,4,80.3701400756836,88.39785766601562
18,4,96.1993179321289,101.6744155883789
18,4,96.15388488769531,101.90360260009766
14,60,83.82572174072266,89.54267120361328
14,60,80.1722183227539,85.0052490234375
14,60,83.86659240722656,89.54580688476562
14,60,80.87025451660156,85.67974090576172
14,60,79.95881652832031,84.33248901367188
14,60,80.11521911621094,84.79717254638672
14,60,89.55292510986328,96.13848876953125
14,60,80.80471801757812,85.8749771118164
14,60,79.31391906738281,83.93940734863281
14,60,81.02278900146484,85.78829193115234
14,60,79.97447204589844,84.67787170410156
14,60,80.4233169555664,85.10739135742188
14,60,81.40637969970703,86.19804382324219
14,60,82.83694458007812,87.4554443359375
